2026-05-30 23:35:58,592 - Researcher - INFO - Bootstrapping historical data for SOLUSDT (7 days)...
2026-05-30 23:36:00,124 - strategy_builder.market_data.candle_loader - INFO - Loaded 10080 candles for SOLUSDT 1m
2026-05-30 23:36:00,124 - strategy_builder.market_data.candle_loader - INFO - Loaded 10080 candles for SOLUSDT 1m
2026-05-30 23:36:00,691 - strategy_builder.market_data.candle_loader - INFO - Loaded 2016 candles for SOLUSDT 5m
2026-05-30 23:36:00,691 - strategy_builder.market_data.candle_loader - INFO - Loaded 2016 candles for SOLUSDT 5m
2026-05-30 23:36:00,901 - strategy_builder.market_data.candle_loader - INFO - Loaded 672 candles for SOLUSDT 15m
2026-05-30 23:36:00,901 - strategy_builder.market_data.candle_loader - INFO - Loaded 672 candles for SOLUSDT 15m
2026-05-30 23:36:01,093 - strategy_builder.market_data.candle_loader - INFO - Loaded 336 candles for SOLUSDT 30m
2026-05-30 23:36:01,093 - strategy_builder.market_data.candle_loader - INFO - Loaded 336 candles for SOLUSDT 30m
2026-05-30 23:36:01,268 - strategy_builder.market_data.candle_loader - INFO - Loaded 168 candles for SOLUSDT 1h
2026-05-30 23:36:01,268 - strategy_builder.market_data.candle_loader - INFO - Loaded 168 candles for SOLUSDT 1h
2026-05-30 23:36:01,463 - strategy_builder.market_data.candle_loader - INFO - Loaded 42 candles for SOLUSDT 4h
2026-05-30 23:36:01,463 - strategy_builder.market_data.candle_loader - INFO - Loaded 42 candles for SOLUSDT 4h
2026-05-30 23:36:01,904 - strategy_builder.market_data.candle_loader - INFO - Loaded 7 candles for SOLUSDT 1d
2026-05-30 23:36:01,904 - strategy_builder.market_data.candle_loader - INFO - Loaded 7 candles for SOLUSDT 1d
2026-05-30 23:36:02,905 - Researcher - INFO - Fetching Open Interest history...
2026-05-30 23:36:03,093 - Researcher - INFO - Evaluating 19 strategies on 15m/1h...
2026-05-30 23:36:03,094 - Researcher - INFO - Testing: Insto_London_Breakout_V3 @ 15m/1h...
2026-05-30 23:36:14,274 - Researcher - INFO - Testing: NY_Momentum_V3 @ 15m/1h...
2026-05-30 23:36:24,633 - Researcher - INFO - Testing: Trend_Reversal_Scalper @ 15m/1h...
2026-05-30 23:36:25,098 - Researcher - INFO - Testing: Session_Fade_Pro @ 15m/1h...
2026-05-30 23:36:28,440 - Researcher - INFO - Testing: Optimized_Baseline_2.5R @ 15m/1h...
2026-05-30 23:36:29,350 - Researcher - INFO - Testing: Volatility_Exhaustion_MR @ 15m/1h...
2026-05-30 23:36:30,328 - Researcher - INFO - Testing: Liquidity_Sweep_MSS @ 15m/1h...
2026-05-30 23:36:30,669 - Researcher - INFO - Testing: Funding_Rate_Arbitrage @ 15m/1h...
2026-05-30 23:36:37,618 - Researcher - INFO - Testing: VWAP_STD_Dev_Reversion @ 15m/1h...
2026-05-30 23:36:40,214 - Researcher - INFO - Testing: Filtered_Trend_Following @ 15m/1h...
2026-05-30 23:36:40,567 - Researcher - INFO - Testing: Opening_Range_Breakout @ 15m/1h...
2026-05-30 23:36:40,720 - Researcher - INFO - Testing: Bollinger_Band_Walk @ 15m/1h...
2026-05-30 23:36:40,749 - Researcher - INFO - Testing: RSI_Divergence_Structure @ 15m/1h...
2026-05-30 23:36:40,983 - Researcher - INFO - Testing: Order_Block_Mitigation @ 15m/1h...
2026-05-30 23:36:41,155 - Researcher - INFO - Testing: Delta_Neutral_Basis_Trade @ 15m/1h...
2026-05-30 23:36:41,269 - Researcher - INFO - Testing: MTF_Trend_Alignment_1m_to_1d @ 15m/1h...
2026-05-30 23:36:41,629 - Researcher - INFO - Testing: Advanced_MTF_Trend_Alignment @ 15m/1h...
2026-05-30 23:36:41,672 - Researcher - INFO - Testing: Ignition_Momentum_1Pct_Edge @ 15m/1h...
2026-05-30 23:36:41,711 - Researcher - INFO - Testing: Institutional_Edge_Sweep_MSS @ 15m/1h...
2026-05-30 23:36:41,734 - strategy_builder.backtest.condition_registry - ERROR - Error evaluating condition institutional_edge_sweep_mss: name 'StructureDetector' is not defined
2026-05-30 23:36:41,734 - strategy_builder.backtest.condition_registry - ERROR - Error evaluating condition institutional_edge_sweep_mss: name 'StructureDetector' is not defined
2026-05-30 23:36:41,735 - strategy_builder.backtest.condition_registry - ERROR - Error evaluating condition institutional_edge_sweep_mss: name 'StructureDetector' is not defined
2026-05-30 23:36:41,735 - strategy_builder.backtest.condition_registry - ERROR - Error evaluating condition institutional_edge_sweep_mss: name 'StructureDetector' is not defined
2026-05-30 23:36:41,736 - strategy_builder.backtest.condition_registry - ERROR - Error evaluating condition institutional_edge_sweep_mss: name 'StructureDetector' is not defined
2026-05-30 23:36:41,736 - strategy_builder.backtest.condition_registry - ERROR - Error evaluating condition institutional_edge_sweep_mss: name 'StructureDetector' is not defined
2026-05-30 23:36:41,737 - strategy_builder.backtest.condition_registry - ERROR - Error evaluating condition institutional_edge_sweep_mss: name 'StructureDetector' is not defined
2026-05-30 23:36:41,737 - strategy_builder.backtest.condition_registry - ERROR - Error evaluating condition institutional_edge_sweep_mss: name 'StructureDetector' is not defined
2026-05-30 23:36:41,737 - strategy_builder.backtest.condition_registry - ERROR - Error evaluating condition institutional_edge_sweep_mss: name 'StructureDetector' is not defined
2026-05-30 23:36:41,737 - strategy_builder.backtest.condition_registry - ERROR - Error evaluating condition institutional_edge_sweep_mss: name 'StructureDetector' is not defined
2026-05-30 23:36:41,738 - strategy_builder.backtest.condition_registry - ERROR - Error evaluating condition institutional_edge_sweep_mss: name 'StructureDetector' is not defined
2026-05-30 23:36:41,738 - strategy_builder.backtest.condition_registry - ERROR - Error evaluating condition institutional_edge_sweep_mss: name 'StructureDetector' is not defined
2026-05-30 23:36:41,739 - strategy_builder.backtest.condition_registry - ERROR - Error evaluating condition institutional_edge_sweep_mss: name 'StructureDetector' is not defined
2026-05-30 23:36:41,739 - strategy_builder.backtest.condition_registry - ERROR - Error evaluating condition institutional_edge_sweep_mss: name 'StructureDetector' is not defined
2026-05-30 23:36:41,739 - strategy_builder.backtest.condition_registry - ERROR - Error evaluating condition institutional_edge_sweep_mss: name 'StructureDetector' is not defined
2026-05-30 23:36:41,739 - strategy_builder.backtest.condition_registry - ERROR - Error evaluating condition institutional_edge_sweep_mss: name 'StructureDetector' is not defined
2026-05-30 23:36:41,740 - strategy_builder.backtest.condition_registry - ERROR - Error evaluating condition institutional_edge_sweep_mss: name 'StructureDetector' is not defined
2026-05-30 23:36:41,740 - strategy_builder.backtest.condition_registry - ERROR - Error evaluating condition institutional_edge_sweep_mss: name 'StructureDetector' is not defined
2026-05-30 23:36:41,741 - strategy_builder.backtest.condition_registry - ERROR - Error evaluating condition institutional_edge_sweep_mss: name 'StructureDetector' is not defined
2026-05-30 23:36:41,741 - strategy_builder.backtest.condition_registry - ERROR - Error evaluating condition institutional_edge_sweep_mss: name 'StructureDetector' is not defined
2026-05-30 23:36:41,741 - strategy_builder.backtest.condition_registry - ERROR - Error evaluating condition institutional_edge_sweep_mss: name 'StructureDetector' is not defined
2026-05-30 23:36:41,741 - strategy_builder.backtest.condition_registry - ERROR - Error evaluating condition institutional_edge_sweep_mss: name 'StructureDetector' is not defined
2026-05-30 23:36:41,742 - strategy_builder.backtest.condition_registry - ERROR - Error evaluating condition institutional_edge_sweep_mss: name 'StructureDetector' is not defined
2026-05-30 23:36:41,742 - strategy_builder.backtest.condition_registry - ERROR - Error evaluating condition institutional_edge_sweep_mss: name 'StructureDetector' is not defined
2026-05-30 23:36:41,743 - strategy_builder.backtest.condition_registry - ERROR - Error evaluating condition institutional_edge_sweep_mss: name 'StructureDetector' is not defined
2026-05-30 23:36:41,743 - strategy_builder.backtest.condition_registry - ERROR - Error evaluating condition institutional_edge_sweep_mss: name 'StructureDetector' is not defined
2026-05-30 23:36:41,744 - strategy_builder.backtest.condition_registry - ERROR - Error evaluating condition institutional_edge_sweep_mss: name 'StructureDetector' is not defined
2026-05-30 23:36:41,744 - strategy_builder.backtest.condition_registry - ERROR - Error evaluating condition institutional_edge_sweep_mss: name 'StructureDetector' is not defined
2026-05-30 23:36:41,744 - strategy_builder.backtest.condition_registry - ERROR - Error evaluating condition institutional_edge_sweep_mss: name 'StructureDetector' is not defined
2026-05-30 23:36:41,744 - strategy_builder.backtest.condition_registry - ERROR - Error evaluating condition institutional_edge_sweep_mss: name 'StructureDetector' is not defined
2026-05-30 23:36:41,745 - strategy_builder.backtest.condition_registry - ERROR - Error evaluating condition institutional_edge_sweep_mss: name 'StructureDetector' is not defined
2026-05-30 23:36:41,745 - strategy_builder.backtest.condition_registry - ERROR - Error evaluating condition institutional_edge_sweep_mss: name 'StructureDetector' is not defined
2026-05-30 23:36:41,745 - strategy_builder.backtest.condition_registry - ERROR - Error evaluating condition institutional_edge_sweep_mss: name 'StructureDetector' is not defined
2026-05-30 23:36:41,745 - strategy_builder.backtest.condition_registry - ERROR - Error evaluating condition institutional_edge_sweep_mss: name 'StructureDetector' is not defined
2026-05-30 23:36:41,747 - strategy_builder.backtest.condition_registry - ERROR - Error evaluating condition institutional_edge_sweep_mss: name 'StructureDetector' is not defined
2026-05-30 23:36:41,747 - strategy_builder.backtest.condition_registry - ERROR - Error evaluating condition institutional_edge_sweep_mss: name 'StructureDetector' is not defined
2026-05-30 23:36:41,748 - strategy_builder.backtest.condition_registry - ERROR - Error evaluating condition institutional_edge_sweep_mss: name 'StructureDetector' is not defined
2026-05-30 23:36:41,748 - strategy_builder.backtest.condition_registry - ERROR - Error evaluating condition institutional_edge_sweep_mss: name 'StructureDetector' is not defined
2026-05-30 23:36:41,749 - strategy_builder.backtest.condition_registry - ERROR - Error evaluating condition institutional_edge_sweep_mss: name 'StructureDetector' is not defined
2026-05-30 23:36:41,749 - strategy_builder.backtest.condition_registry - ERROR - Error evaluating condition institutional_edge_sweep_mss: name 'StructureDetector' is not defined
2026-05-30 23:36:41,750 - strategy_builder.backtest.condition_registry - ERROR - Error evaluating condition institutional_edge_sweep_mss: name 'StructureDetector' is not defined
2026-05-30 23:36:41,750 - strategy_builder.backtest.condition_registry - ERROR - Error evaluating condition institutional_edge_sweep_mss: name 'StructureDetector' is not defined
2026-05-30 23:36:41,751 - strategy_builder.backtest.condition_registry - ERROR - Error evaluating condition institutional_edge_sweep_mss: name 'StructureDetector' is not defined
2026-05-30 23:36:41,751 - strategy_builder.backtest.condition_registry - ERROR - Error evaluating condition institutional_edge_sweep_mss: name 'StructureDetector' is not defined
2026-05-30 23:36:41,752 - strategy_builder.backtest.condition_registry - ERROR - Error evaluating condition institutional_edge_sweep_mss: name 'StructureDetector' is not defined
2026-05-30 23:36:41,752 - strategy_builder.backtest.condition_registry - ERROR - Error evaluating condition institutional_edge_sweep_mss: name 'StructureDetector' is not defined
2026-05-30 23:36:41,752 - strategy_builder.backtest.condition_registry - ERROR - Error evaluating condition institutional_edge_sweep_mss: name 'StructureDetector' is not defined
2026-05-30 23:36:41,752 - strategy_builder.backtest.condition_registry - ERROR - Error evaluating condition institutional_edge_sweep_mss: name 'StructureDetector' is not defined
2026-05-30 23:36:41,753 - strategy_builder.backtest.condition_registry - ERROR - Error evaluating condition institutional_edge_sweep_mss: name 'StructureDetector' is not defined
2026-05-30 23:36:41,753 - strategy_builder.backtest.condition_registry - ERROR - Error evaluating condition institutional_edge_sweep_mss: name 'StructureDetector' is not defined
2026-05-30 23:36:41,754 - strategy_builder.backtest.condition_registry - ERROR - Error evaluating condition institutional_edge_sweep_mss: name 'StructureDetector' is not defined
2026-05-30 23:36:41,754 - strategy_builder.backtest.condition_registry - ERROR - Error evaluating condition institutional_edge_sweep_mss: name 'StructureDetector' is not defined
2026-05-30 23:36:41,755 - strategy_builder.backtest.condition_registry - ERROR - Error evaluating condition institutional_edge_sweep_mss: name 'StructureDetector' is not defined
2026-05-30 23:36:41,755 - strategy_builder.backtest.condition_registry - ERROR - Error evaluating condition institutional_edge_sweep_mss: name 'StructureDetector' is not defined
2026-05-30 23:36:41,755 - strategy_builder.backtest.condition_registry - ERROR - Error evaluating condition institutional_edge_sweep_mss: name 'StructureDetector' is not defined
2026-05-30 23:36:41,755 - strategy_builder.backtest.condition_registry - ERROR - Error evaluating condition institutional_edge_sweep_mss: name 'StructureDetector' is not defined
2026-05-30 23:36:41,756 - strategy_builder.backtest.condition_registry - ERROR - Error evaluating condition institutional_edge_sweep_mss: name 'StructureDetector' is not defined
2026-05-30 23:36:41,756 - strategy_builder.backtest.condition_registry - ERROR - Error evaluating condition institutional_edge_sweep_mss: name 'StructureDetector' is not defined
2026-05-30 23:36:41,757 - strategy_builder.backtest.condition_registry - ERROR - Error evaluating condition institutional_edge_sweep_mss: name 'StructureDetector' is not defined
2026-05-30 23:36:41,757 - strategy_builder.backtest.condition_registry - ERROR - Error evaluating condition institutional_edge_sweep_mss: name 'StructureDetector' is not defined
2026-05-30 23:36:41,758 - strategy_builder.backtest.condition_registry - ERROR - Error evaluating condition institutional_edge_sweep_mss: name 'StructureDetector' is not defined
2026-05-30 23:36:41,758 - strategy_builder.backtest.condition_registry - ERROR - Error evaluating condition institutional_edge_sweep_mss: name 'StructureDetector' is not defined
2026-05-30 23:36:41,758 - strategy_builder.backtest.condition_registry - ERROR - Error evaluating condition institutional_edge_sweep_mss: name 'StructureDetector' is not defined
2026-05-30 23:36:41,758 - strategy_builder.backtest.condition_registry - ERROR - Error evaluating condition institutional_edge_sweep_mss: name 'StructureDetector' is not defined
2026-05-30 23:36:41,759 - strategy_builder.backtest.condition_registry - ERROR - Error evaluating condition institutional_edge_sweep_mss: name 'StructureDetector' is not defined
2026-05-30 23:36:41,759 - strategy_builder.backtest.condition_registry - ERROR - Error evaluating condition institutional_edge_sweep_mss: name 'StructureDetector' is not defined
2026-05-30 23:36:41,760 - strategy_builder.backtest.condition_registry - ERROR - Error evaluating condition institutional_edge_sweep_mss: name 'StructureDetector' is not defined
2026-05-30 23:36:41,760 - strategy_builder.backtest.condition_registry - ERROR - Error evaluating condition institutional_edge_sweep_mss: name 'StructureDetector' is not defined
2026-05-30 23:36:41,761 - strategy_builder.backtest.condition_registry - ERROR - Error evaluating condition institutional_edge_sweep_mss: name 'StructureDetector' is not defined
2026-05-30 23:36:41,761 - strategy_builder.backtest.condition_registry - ERROR - Error evaluating condition institutional_edge_sweep_mss: name 'StructureDetector' is not defined
2026-05-30 23:36:41,762 - strategy_builder.backtest.condition_registry - ERROR - Error evaluating condition institutional_edge_sweep_mss: name 'StructureDetector' is not defined
2026-05-30 23:36:41,762 - strategy_builder.backtest.condition_registry - ERROR - Error evaluating condition institutional_edge_sweep_mss: name 'StructureDetector' is not defined
2026-05-30 23:36:41,762 - strategy_builder.backtest.condition_registry - ERROR - Error evaluating condition institutional_edge_sweep_mss: name 'StructureDetector' is not defined
2026-05-30 23:36:41,762 - strategy_builder.backtest.condition_registry - ERROR - Error evaluating condition institutional_edge_sweep_mss: name 'StructureDetector' is not defined
2026-05-30 23:36:41,763 - strategy_builder.backtest.condition_registry - ERROR - Error evaluating condition institutional_edge_sweep_mss: name 'StructureDetector' is not defined
2026-05-30 23:36:41,763 - strategy_builder.backtest.condition_registry - ERROR - Error evaluating condition institutional_edge_sweep_mss: name 'StructureDetector' is not defined
2026-05-30 23:36:41,764 - strategy_builder.backtest.condition_registry - ERROR - Error evaluating condition institutional_edge_sweep_mss: name 'StructureDetector' is not defined
2026-05-30 23:36:41,764 - strategy_builder.backtest.condition_registry - ERROR - Error evaluating condition institutional_edge_sweep_mss: name 'StructureDetector' is not defined
2026-05-30 23:36:41,764 - strategy_builder.backtest.condition_registry - ERROR - Error evaluating condition institutional_edge_sweep_mss: name 'StructureDetector' is not defined
2026-05-30 23:36:41,764 - strategy_builder.backtest.condition_registry - ERROR - Error evaluating condition institutional_edge_sweep_mss: name 'StructureDetector' is not defined
2026-05-30 23:36:41,765 - strategy_builder.backtest.condition_registry - ERROR - Error evaluating condition institutional_edge_sweep_mss: name 'StructureDetector' is not defined
2026-05-30 23:36:41,765 - strategy_builder.backtest.condition_registry - ERROR - Error evaluating condition institutional_edge_sweep_mss: name 'StructureDetector' is not defined
2026-05-30 23:36:41,766 - strategy_builder.backtest.condition_registry - ERROR - Error evaluating condition institutional_edge_sweep_mss: name 'StructureDetector' is not defined
2026-05-30 23:36:41,766 - strategy_builder.backtest.condition_registry - ERROR - Error evaluating condition institutional_edge_sweep_mss: name 'StructureDetector' is not defined
2026-05-30 23:36:41,767 - strategy_builder.backtest.condition_registry - ERROR - Error evaluating condition institutional_edge_sweep_mss: name 'StructureDetector' is not defined
2026-05-30 23:36:41,767 - strategy_builder.backtest.condition_registry - ERROR - Error evaluating condition institutional_edge_sweep_mss: name 'StructureDetector' is not defined
2026-05-30 23:36:41,768 - strategy_builder.backtest.condition_registry - ERROR - Error evaluating condition institutional_edge_sweep_mss: name 'StructureDetector' is not defined
2026-05-30 23:36:41,768 - strategy_builder.backtest.condition_registry - ERROR - Error evaluating condition institutional_edge_sweep_mss: name 'StructureDetector' is not defined
2026-05-30 23:36:41,769 - strategy_builder.backtest.condition_registry - ERROR - Error evaluating condition institutional_edge_sweep_mss: name 'StructureDetector' is not defined
2026-05-30 23:36:41,769 - strategy_builder.backtest.condition_registry - ERROR - Error evaluating condition institutional_edge_sweep_mss: name 'StructureDetector' is not defined
2026-05-30 23:36:41,770 - strategy_builder.backtest.condition_registry - ERROR - Error evaluating condition institutional_edge_sweep_mss: name 'StructureDetector' is not defined
2026-05-30 23:36:41,770 - strategy_builder.backtest.condition_registry - ERROR - Error evaluating condition institutional_edge_sweep_mss: name 'StructureDetector' is not defined
2026-05-30 23:36:41,771 - strategy_builder.backtest.condition_registry - ERROR - Error evaluating condition institutional_edge_sweep_mss: name 'StructureDetector' is not defined
2026-05-30 23:36:41,771 - strategy_builder.backtest.condition_registry - ERROR - Error evaluating condition institutional_edge_sweep_mss: name 'StructureDetector' is not defined
2026-05-30 23:36:41,772 - strategy_builder.backtest.condition_registry - ERROR - Error evaluating condition institutional_edge_sweep_mss: name 'StructureDetector' is not defined
2026-05-30 23:36:41,772 - strategy_builder.backtest.condition_registry - ERROR - Error evaluating condition institutional_edge_sweep_mss: name 'StructureDetector' is not defined
2026-05-30 23:36:41,773 - strategy_builder.backtest.condition_registry - ERROR - Error evaluating condition institutional_edge_sweep_mss: name 'StructureDetector' is not defined
2026-05-30 23:36:41,773 - strategy_builder.backtest.condition_registry - ERROR - Error evaluating condition institutional_edge_sweep_mss: name 'StructureDetector' is not defined
2026-05-30 23:36:41,774 - strategy_builder.backtest.condition_registry - ERROR - Error evaluating condition institutional_edge_sweep_mss: name 'StructureDetector' is not defined
2026-05-30 23:36:41,774 - strategy_builder.backtest.condition_registry - ERROR - Error evaluating condition institutional_edge_sweep_mss: name 'StructureDetector' is not defined
2026-05-30 23:36:41,775 - strategy_builder.backtest.condition_registry - ERROR - Error evaluating condition institutional_edge_sweep_mss: name 'StructureDetector' is not defined
2026-05-30 23:36:41,775 - strategy_builder.backtest.condition_registry - ERROR - Error evaluating condition institutional_edge_sweep_mss: name 'StructureDetector' is not defined
2026-05-30 23:36:41,776 - strategy_builder.backtest.condition_registry - ERROR - Error evaluating condition institutional_edge_sweep_mss: name 'StructureDetector' is not defined
2026-05-30 23:36:41,776 - strategy_builder.backtest.condition_registry - ERROR - Error evaluating condition institutional_edge_sweep_mss: name 'StructureDetector' is not defined
2026-05-30 23:36:41,777 - strategy_builder.backtest.condition_registry - ERROR - Error evaluating condition institutional_edge_sweep_mss: name 'StructureDetector' is not defined
2026-05-30 23:36:41,777 - strategy_builder.backtest.condition_registry - ERROR - Error evaluating condition institutional_edge_sweep_mss: name 'StructureDetector' is not defined
2026-05-30 23:36:41,778 - strategy_builder.backtest.condition_registry - ERROR - Error evaluating condition institutional_edge_sweep_mss: name 'StructureDetector' is not defined
2026-05-30 23:36:41,778 - strategy_builder.backtest.condition_registry - ERROR - Error evaluating condition institutional_edge_sweep_mss: name 'StructureDetector' is not defined
2026-05-30 23:36:41,779 - strategy_builder.backtest.condition_registry - ERROR - Error evaluating condition institutional_edge_sweep_mss: name 'StructureDetector' is not defined
2026-05-30 23:36:41,779 - strategy_builder.backtest.condition_registry - ERROR - Error evaluating condition institutional_edge_sweep_mss: name 'StructureDetector' is not defined
2026-05-30 23:36:41,780 - strategy_builder.backtest.condition_registry - ERROR - Error evaluating condition institutional_edge_sweep_mss: name 'StructureDetector' is not defined
2026-05-30 23:36:41,780 - strategy_builder.backtest.condition_registry - ERROR - Error evaluating condition institutional_edge_sweep_mss: name 'StructureDetector' is not defined
2026-05-30 23:36:41,781 - strategy_builder.backtest.condition_registry - ERROR - Error evaluating condition institutional_edge_sweep_mss: name 'StructureDetector' is not defined
2026-05-30 23:36:41,781 - strategy_builder.backtest.condition_registry - ERROR - Error evaluating condition institutional_edge_sweep_mss: name 'StructureDetector' is not defined
2026-05-30 23:36:41,782 - strategy_builder.backtest.condition_registry - ERROR - Error evaluating condition institutional_edge_sweep_mss: name 'StructureDetector' is not defined
2026-05-30 23:36:41,782 - strategy_builder.backtest.condition_registry - ERROR - Error evaluating condition institutional_edge_sweep_mss: name 'StructureDetector' is not defined
2026-05-30 23:36:41,783 - strategy_builder.backtest.condition_registry - ERROR - Error evaluating condition institutional_edge_sweep_mss: name 'StructureDetector' is not defined
2026-05-30 23:36:41,783 - strategy_builder.backtest.condition_registry - ERROR - Error evaluating condition institutional_edge_sweep_mss: name 'StructureDetector' is not defined
2026-05-30 23:36:41,784 - strategy_builder.backtest.condition_registry - ERROR - Error evaluating condition institutional_edge_sweep_mss: name 'StructureDetector' is not defined
2026-05-30 23:36:41,784 - strategy_builder.backtest.condition_registry - ERROR - Error evaluating condition institutional_edge_sweep_mss: name 'StructureDetector' is not defined
2026-05-30 23:36:41,785 - strategy_builder.backtest.condition_registry - ERROR - Error evaluating condition institutional_edge_sweep_mss: name 'StructureDetector' is not defined
2026-05-30 23:36:41,785 - strategy_builder.backtest.condition_registry - ERROR - Error evaluating condition institutional_edge_sweep_mss: name 'StructureDetector' is not defined
2026-05-30 23:36:41,785 - strategy_builder.backtest.condition_registry - ERROR - Error evaluating condition institutional_edge_sweep_mss: name 'StructureDetector' is not defined
2026-05-30 23:36:41,785 - strategy_builder.backtest.condition_registry - ERROR - Error evaluating condition institutional_edge_sweep_mss: name 'StructureDetector' is not defined
2026-05-30 23:36:41,786 - strategy_builder.backtest.condition_registry - ERROR - Error evaluating condition institutional_edge_sweep_mss: name 'StructureDetector' is not defined
2026-05-30 23:36:41,786 - strategy_builder.backtest.condition_registry - ERROR - Error evaluating condition institutional_edge_sweep_mss: name 'StructureDetector' is not defined
2026-05-30 23:36:41,787 - strategy_builder.backtest.condition_registry - ERROR - Error evaluating condition institutional_edge_sweep_mss: name 'StructureDetector' is not defined
2026-05-30 23:36:41,787 - strategy_builder.backtest.condition_registry - ERROR - Error evaluating condition institutional_edge_sweep_mss: name 'StructureDetector' is not defined
2026-05-30 23:36:41,788 - strategy_builder.backtest.condition_registry - ERROR - Error evaluating condition institutional_edge_sweep_mss: name 'StructureDetector' is not defined
2026-05-30 23:36:41,788 - strategy_builder.backtest.condition_registry - ERROR - Error evaluating condition institutional_edge_sweep_mss: name 'StructureDetector' is not defined
2026-05-30 23:36:41,789 - strategy_builder.backtest.condition_registry - ERROR - Error evaluating condition institutional_edge_sweep_mss: name 'StructureDetector' is not defined
2026-05-30 23:36:41,789 - strategy_builder.backtest.condition_registry - ERROR - Error evaluating condition institutional_edge_sweep_mss: name 'StructureDetector' is not defined
2026-05-30 23:36:41,791 - strategy_builder.backtest.condition_registry - ERROR - Error evaluating condition institutional_edge_sweep_mss: name 'StructureDetector' is not defined
2026-05-30 23:36:41,791 - strategy_builder.backtest.condition_registry - ERROR - Error evaluating condition institutional_edge_sweep_mss: name 'StructureDetector' is not defined
2026-05-30 23:36:41,792 - strategy_builder.backtest.condition_registry - ERROR - Error evaluating condition institutional_edge_sweep_mss: name 'StructureDetector' is not defined
2026-05-30 23:36:41,792 - strategy_builder.backtest.condition_registry - ERROR - Error evaluating condition institutional_edge_sweep_mss: name 'StructureDetector' is not defined
2026-05-30 23:36:41,793 - strategy_builder.backtest.condition_registry - ERROR - Error evaluating condition institutional_edge_sweep_mss: name 'StructureDetector' is not defined
2026-05-30 23:36:41,793 - strategy_builder.backtest.condition_registry - ERROR - Error evaluating condition institutional_edge_sweep_mss: name 'StructureDetector' is not defined
2026-05-30 23:36:41,794 - strategy_builder.backtest.condition_registry - ERROR - Error evaluating condition institutional_edge_sweep_mss: name 'StructureDetector' is not defined
2026-05-30 23:36:41,794 - strategy_builder.backtest.condition_registry - ERROR - Error evaluating condition institutional_edge_sweep_mss: name 'StructureDetector' is not defined
2026-05-30 23:36:41,796 - strategy_builder.backtest.condition_registry - ERROR - Error evaluating condition institutional_edge_sweep_mss: name 'StructureDetector' is not defined
2026-05-30 23:36:41,796 - strategy_builder.backtest.condition_registry - ERROR - Error evaluating condition institutional_edge_sweep_mss: name 'StructureDetector' is not defined
2026-05-30 23:36:41,797 - strategy_builder.backtest.condition_registry - ERROR - Error evaluating condition institutional_edge_sweep_mss: name 'StructureDetector' is not defined
2026-05-30 23:36:41,797 - strategy_builder.backtest.condition_registry - ERROR - Error evaluating condition institutional_edge_sweep_mss: name 'StructureDetector' is not defined
2026-05-30 23:36:41,798 - strategy_builder.backtest.condition_registry - ERROR - Error evaluating condition institutional_edge_sweep_mss: name 'StructureDetector' is not defined
2026-05-30 23:36:41,798 - strategy_builder.backtest.condition_registry - ERROR - Error evaluating condition institutional_edge_sweep_mss: name 'StructureDetector' is not defined
2026-05-30 23:36:41,799 - strategy_builder.backtest.condition_registry - ERROR - Error evaluating condition institutional_edge_sweep_mss: name 'StructureDetector' is not defined
2026-05-30 23:36:41,799 - strategy_builder.backtest.condition_registry - ERROR - Error evaluating condition institutional_edge_sweep_mss: name 'StructureDetector' is not defined
2026-05-30 23:36:41,800 - strategy_builder.backtest.condition_registry - ERROR - Error evaluating condition institutional_edge_sweep_mss: name 'StructureDetector' is not defined
2026-05-30 23:36:41,800 - strategy_builder.backtest.condition_registry - ERROR - Error evaluating condition institutional_edge_sweep_mss: name 'StructureDetector' is not defined
2026-05-30 23:36:41,801 - strategy_builder.backtest.condition_registry - ERROR - Error evaluating condition institutional_edge_sweep_mss: name 'StructureDetector' is not defined
2026-05-30 23:36:41,801 - strategy_builder.backtest.condition_registry - ERROR - Error evaluating condition institutional_edge_sweep_mss: name 'StructureDetector' is not defined
2026-05-30 23:36:41,802 - strategy_builder.backtest.condition_registry - ERROR - Error evaluating condition institutional_edge_sweep_mss: name 'StructureDetector' is not defined
2026-05-30 23:36:41,802 - strategy_builder.backtest.condition_registry - ERROR - Error evaluating condition institutional_edge_sweep_mss: name 'StructureDetector' is not defined
2026-05-30 23:36:41,803 - strategy_builder.backtest.condition_registry - ERROR - Error evaluating condition institutional_edge_sweep_mss: name 'StructureDetector' is not defined
2026-05-30 23:36:41,803 - strategy_builder.backtest.condition_registry - ERROR - Error evaluating condition institutional_edge_sweep_mss: name 'StructureDetector' is not defined
2026-05-30 23:36:41,804 - strategy_builder.backtest.condition_registry - ERROR - Error evaluating condition institutional_edge_sweep_mss: name 'StructureDetector' is not defined
2026-05-30 23:36:41,804 - strategy_builder.backtest.condition_registry - ERROR - Error evaluating condition institutional_edge_sweep_mss: name 'StructureDetector' is not defined
2026-05-30 23:36:41,805 - strategy_builder.backtest.condition_registry - ERROR - Error evaluating condition institutional_edge_sweep_mss: name 'StructureDetector' is not defined
2026-05-30 23:36:41,805 - strategy_builder.backtest.condition_registry - ERROR - Error evaluating condition institutional_edge_sweep_mss: name 'StructureDetector' is not defined
2026-05-30 23:36:41,806 - strategy_builder.backtest.condition_registry - ERROR - Error evaluating condition institutional_edge_sweep_mss: name 'StructureDetector' is not defined
2026-05-30 23:36:41,806 - strategy_builder.backtest.condition_registry - ERROR - Error evaluating condition institutional_edge_sweep_mss: name 'StructureDetector' is not defined
2026-05-30 23:36:41,807 - strategy_builder.backtest.condition_registry - ERROR - Error evaluating condition institutional_edge_sweep_mss: name 'StructureDetector' is not defined
2026-05-30 23:36:41,807 - strategy_builder.backtest.condition_registry - ERROR - Error evaluating condition institutional_edge_sweep_mss: name 'StructureDetector' is not defined
2026-05-30 23:36:41,808 - strategy_builder.backtest.condition_registry - ERROR - Error evaluating condition institutional_edge_sweep_mss: name 'StructureDetector' is not defined
2026-05-30 23:36:41,808 - strategy_builder.backtest.condition_registry - ERROR - Error evaluating condition institutional_edge_sweep_mss: name 'StructureDetector' is not defined
2026-05-30 23:36:41,809 - strategy_builder.backtest.condition_registry - ERROR - Error evaluating condition institutional_edge_sweep_mss: name 'StructureDetector' is not defined
2026-05-30 23:36:41,809 - strategy_builder.backtest.condition_registry - ERROR - Error evaluating condition institutional_edge_sweep_mss: name 'StructureDetector' is not defined
2026-05-30 23:36:41,810 - strategy_builder.backtest.condition_registry - ERROR - Error evaluating condition institutional_edge_sweep_mss: name 'StructureDetector' is not defined
2026-05-30 23:36:41,810 - strategy_builder.backtest.condition_registry - ERROR - Error evaluating condition institutional_edge_sweep_mss: name 'StructureDetector' is not defined
2026-05-30 23:36:41,811 - strategy_builder.backtest.condition_registry - ERROR - Error evaluating condition institutional_edge_sweep_mss: name 'StructureDetector' is not defined
2026-05-30 23:36:41,811 - strategy_builder.backtest.condition_registry - ERROR - Error evaluating condition institutional_edge_sweep_mss: name 'StructureDetector' is not defined
2026-05-30 23:36:41,813 - strategy_builder.backtest.condition_registry - ERROR - Error evaluating condition institutional_edge_sweep_mss: name 'StructureDetector' is not defined
2026-05-30 23:36:41,813 - strategy_builder.backtest.condition_registry - ERROR - Error evaluating condition institutional_edge_sweep_mss: name 'StructureDetector' is not defined
2026-05-30 23:36:41,814 - strategy_builder.backtest.condition_registry - ERROR - Error evaluating condition institutional_edge_sweep_mss: name 'StructureDetector' is not defined
2026-05-30 23:36:41,814 - strategy_builder.backtest.condition_registry - ERROR - Error evaluating condition institutional_edge_sweep_mss: name 'StructureDetector' is not defined
2026-05-30 23:36:41,815 - strategy_builder.backtest.condition_registry - ERROR - Error evaluating condition institutional_edge_sweep_mss: name 'StructureDetector' is not defined
2026-05-30 23:36:41,815 - strategy_builder.backtest.condition_registry - ERROR - Error evaluating condition institutional_edge_sweep_mss: name 'StructureDetector' is not defined
2026-05-30 23:36:41,816 - strategy_builder.backtest.condition_registry - ERROR - Error evaluating condition institutional_edge_sweep_mss: name 'StructureDetector' is not defined
2026-05-30 23:36:41,816 - strategy_builder.backtest.condition_registry - ERROR - Error evaluating condition institutional_edge_sweep_mss: name 'StructureDetector' is not defined
2026-05-30 23:36:41,817 - strategy_builder.backtest.condition_registry - ERROR - Error evaluating condition institutional_edge_sweep_mss: name 'StructureDetector' is not defined
2026-05-30 23:36:41,817 - strategy_builder.backtest.condition_registry - ERROR - Error evaluating condition institutional_edge_sweep_mss: name 'StructureDetector' is not defined
2026-05-30 23:36:41,818 - strategy_builder.backtest.condition_registry - ERROR - Error evaluating condition institutional_edge_sweep_mss: name 'StructureDetector' is not defined
2026-05-30 23:36:41,818 - strategy_builder.backtest.condition_registry - ERROR - Error evaluating condition institutional_edge_sweep_mss: name 'StructureDetector' is not defined
2026-05-30 23:36:41,819 - strategy_builder.backtest.condition_registry - ERROR - Error evaluating condition institutional_edge_sweep_mss: name 'StructureDetector' is not defined
2026-05-30 23:36:41,819 - strategy_builder.backtest.condition_registry - ERROR - Error evaluating condition institutional_edge_sweep_mss: name 'StructureDetector' is not defined
2026-05-30 23:36:41,820 - strategy_builder.backtest.condition_registry - ERROR - Error evaluating condition institutional_edge_sweep_mss: name 'StructureDetector' is not defined
2026-05-30 23:36:41,820 - strategy_builder.backtest.condition_registry - ERROR - Error evaluating condition institutional_edge_sweep_mss: name 'StructureDetector' is not defined
2026-05-30 23:36:41,821 - strategy_builder.backtest.condition_registry - ERROR - Error evaluating condition institutional_edge_sweep_mss: name 'StructureDetector' is not defined
2026-05-30 23:36:41,821 - strategy_builder.backtest.condition_registry - ERROR - Error evaluating condition institutional_edge_sweep_mss: name 'StructureDetector' is not defined
2026-05-30 23:36:41,822 - strategy_builder.backtest.condition_registry - ERROR - Error evaluating condition institutional_edge_sweep_mss: name 'StructureDetector' is not defined
2026-05-30 23:36:41,822 - strategy_builder.backtest.condition_registry - ERROR - Error evaluating condition institutional_edge_sweep_mss: name 'StructureDetector' is not defined
2026-05-30 23:36:41,823 - strategy_builder.backtest.condition_registry - ERROR - Error evaluating condition institutional_edge_sweep_mss: name 'StructureDetector' is not defined
2026-05-30 23:36:41,823 - strategy_builder.backtest.condition_registry - ERROR - Error evaluating condition institutional_edge_sweep_mss: name 'StructureDetector' is not defined
2026-05-30 23:36:41,824 - strategy_builder.backtest.condition_registry - ERROR - Error evaluating condition institutional_edge_sweep_mss: name 'StructureDetector' is not defined
2026-05-30 23:36:41,824 - strategy_builder.backtest.condition_registry - ERROR - Error evaluating condition institutional_edge_sweep_mss: name 'StructureDetector' is not defined
2026-05-30 23:36:41,825 - strategy_builder.backtest.condition_registry - ERROR - Error evaluating condition institutional_edge_sweep_mss: name 'StructureDetector' is not defined
2026-05-30 23:36:41,825 - strategy_builder.backtest.condition_registry - ERROR - Error evaluating condition institutional_edge_sweep_mss: name 'StructureDetector' is not defined
2026-05-30 23:36:41,826 - strategy_builder.backtest.condition_registry - ERROR - Error evaluating condition institutional_edge_sweep_mss: name 'StructureDetector' is not defined
2026-05-30 23:36:41,826 - strategy_builder.backtest.condition_registry - ERROR - Error evaluating condition institutional_edge_sweep_mss: name 'StructureDetector' is not defined
2026-05-30 23:36:41,828 - strategy_builder.backtest.condition_registry - ERROR - Error evaluating condition institutional_edge_sweep_mss: name 'StructureDetector' is not defined
2026-05-30 23:36:41,828 - strategy_builder.backtest.condition_registry - ERROR - Error evaluating condition institutional_edge_sweep_mss: name 'StructureDetector' is not defined
2026-05-30 23:36:41,829 - strategy_builder.backtest.condition_registry - ERROR - Error evaluating condition institutional_edge_sweep_mss: name 'StructureDetector' is not defined
2026-05-30 23:36:41,829 - strategy_builder.backtest.condition_registry - ERROR - Error evaluating condition institutional_edge_sweep_mss: name 'StructureDetector' is not defined
2026-05-30 23:36:41,830 - strategy_builder.backtest.condition_registry - ERROR - Error evaluating condition institutional_edge_sweep_mss: name 'StructureDetector' is not defined
2026-05-30 23:36:41,830 - strategy_builder.backtest.condition_registry - ERROR - Error evaluating condition institutional_edge_sweep_mss: name 'StructureDetector' is not defined
2026-05-30 23:36:41,831 - strategy_builder.backtest.condition_registry - ERROR - Error evaluating condition institutional_edge_sweep_mss: name 'StructureDetector' is not defined
2026-05-30 23:36:41,831 - strategy_builder.backtest.condition_registry - ERROR - Error evaluating condition institutional_edge_sweep_mss: name 'StructureDetector' is not defined
2026-05-30 23:36:41,832 - strategy_builder.backtest.condition_registry - ERROR - Error evaluating condition institutional_edge_sweep_mss: name 'StructureDetector' is not defined
2026-05-30 23:36:41,832 - strategy_builder.backtest.condition_registry - ERROR - Error evaluating condition institutional_edge_sweep_mss: name 'StructureDetector' is not defined
2026-05-30 23:36:41,833 - strategy_builder.backtest.condition_registry - ERROR - Error evaluating condition institutional_edge_sweep_mss: name 'StructureDetector' is not defined
2026-05-30 23:36:41,833 - strategy_builder.backtest.condition_registry - ERROR - Error evaluating condition institutional_edge_sweep_mss: name 'StructureDetector' is not defined
2026-05-30 23:36:41,834 - strategy_builder.backtest.condition_registry - ERROR - Error evaluating condition institutional_edge_sweep_mss: name 'StructureDetector' is not defined
2026-05-30 23:36:41,834 - strategy_builder.backtest.condition_registry - ERROR - Error evaluating condition institutional_edge_sweep_mss: name 'StructureDetector' is not defined
2026-05-30 23:36:41,835 - strategy_builder.backtest.condition_registry - ERROR - Error evaluating condition institutional_edge_sweep_mss: name 'StructureDetector' is not defined
2026-05-30 23:36:41,835 - strategy_builder.backtest.condition_registry - ERROR - Error evaluating condition institutional_edge_sweep_mss: name 'StructureDetector' is not defined
2026-05-30 23:36:41,836 - strategy_builder.backtest.condition_registry - ERROR - Error evaluating condition institutional_edge_sweep_mss: name 'StructureDetector' is not defined
2026-05-30 23:36:41,836 - strategy_builder.backtest.condition_registry - ERROR - Error evaluating condition institutional_edge_sweep_mss: name 'StructureDetector' is not defined
2026-05-30 23:36:41,837 - strategy_builder.backtest.condition_registry - ERROR - Error evaluating condition institutional_edge_sweep_mss: name 'StructureDetector' is not defined
2026-05-30 23:36:41,837 - strategy_builder.backtest.condition_registry - ERROR - Error evaluating condition institutional_edge_sweep_mss: name 'StructureDetector' is not defined
2026-05-30 23:36:41,838 - strategy_builder.backtest.condition_registry - ERROR - Error evaluating condition institutional_edge_sweep_mss: name 'StructureDetector' is not defined
2026-05-30 23:36:41,838 - strategy_builder.backtest.condition_registry - ERROR - Error evaluating condition institutional_edge_sweep_mss: name 'StructureDetector' is not defined
2026-05-30 23:36:41,839 - strategy_builder.backtest.condition_registry - ERROR - Error evaluating condition institutional_edge_sweep_mss: name 'StructureDetector' is not defined
2026-05-30 23:36:41,839 - strategy_builder.backtest.condition_registry - ERROR - Error evaluating condition institutional_edge_sweep_mss: name 'StructureDetector' is not defined
2026-05-30 23:36:41,840 - strategy_builder.backtest.condition_registry - ERROR - Error evaluating condition institutional_edge_sweep_mss: name 'StructureDetector' is not defined
2026-05-30 23:36:41,840 - strategy_builder.backtest.condition_registry - ERROR - Error evaluating condition institutional_edge_sweep_mss: name 'StructureDetector' is not defined
2026-05-30 23:36:41,841 - strategy_builder.backtest.condition_registry - ERROR - Error evaluating condition institutional_edge_sweep_mss: name 'StructureDetector' is not defined
2026-05-30 23:36:41,841 - strategy_builder.backtest.condition_registry - ERROR - Error evaluating condition institutional_edge_sweep_mss: name 'StructureDetector' is not defined
2026-05-30 23:36:41,842 - strategy_builder.backtest.condition_registry - ERROR - Error evaluating condition institutional_edge_sweep_mss: name 'StructureDetector' is not defined
2026-05-30 23:36:41,842 - strategy_builder.backtest.condition_registry - ERROR - Error evaluating condition institutional_edge_sweep_mss: name 'StructureDetector' is not defined
2026-05-30 23:36:41,843 - strategy_builder.backtest.condition_registry - ERROR - Error evaluating condition institutional_edge_sweep_mss: name 'StructureDetector' is not defined
2026-05-30 23:36:41,843 - strategy_builder.backtest.condition_registry - ERROR - Error evaluating condition institutional_edge_sweep_mss: name 'StructureDetector' is not defined
2026-05-30 23:36:41,844 - strategy_builder.backtest.condition_registry - ERROR - Error evaluating condition institutional_edge_sweep_mss: name 'StructureDetector' is not defined
2026-05-30 23:36:41,844 - strategy_builder.backtest.condition_registry - ERROR - Error evaluating condition institutional_edge_sweep_mss: name 'StructureDetector' is not defined
2026-05-30 23:36:41,844 - strategy_builder.backtest.condition_registry - ERROR - Error evaluating condition institutional_edge_sweep_mss: name 'StructureDetector' is not defined
2026-05-30 23:36:41,844 - strategy_builder.backtest.condition_registry - ERROR - Error evaluating condition institutional_edge_sweep_mss: name 'StructureDetector' is not defined
2026-05-30 23:36:41,845 - strategy_builder.backtest.condition_registry - ERROR - Error evaluating condition institutional_edge_sweep_mss: name 'StructureDetector' is not defined
2026-05-30 23:36:41,845 - strategy_builder.backtest.condition_registry - ERROR - Error evaluating condition institutional_edge_sweep_mss: name 'StructureDetector' is not defined
2026-05-30 23:36:41,846 - strategy_builder.backtest.condition_registry - ERROR - Error evaluating condition institutional_edge_sweep_mss: name 'StructureDetector' is not defined
2026-05-30 23:36:41,846 - strategy_builder.backtest.condition_registry - ERROR - Error evaluating condition institutional_edge_sweep_mss: name 'StructureDetector' is not defined
2026-05-30 23:36:41,847 - strategy_builder.backtest.condition_registry - ERROR - Error evaluating condition institutional_edge_sweep_mss: name 'StructureDetector' is not defined
2026-05-30 23:36:41,847 - strategy_builder.backtest.condition_registry - ERROR - Error evaluating condition institutional_edge_sweep_mss: name 'StructureDetector' is not defined
2026-05-30 23:36:41,847 - strategy_builder.backtest.condition_registry - ERROR - Error evaluating condition institutional_edge_sweep_mss: name 'StructureDetector' is not defined
2026-05-30 23:36:41,847 - strategy_builder.backtest.condition_registry - ERROR - Error evaluating condition institutional_edge_sweep_mss: name 'StructureDetector' is not defined
2026-05-30 23:36:41,848 - strategy_builder.backtest.condition_registry - ERROR - Error evaluating condition institutional_edge_sweep_mss: name 'StructureDetector' is not defined
2026-05-30 23:36:41,848 - strategy_builder.backtest.condition_registry - ERROR - Error evaluating condition institutional_edge_sweep_mss: name 'StructureDetector' is not defined
2026-05-30 23:36:41,849 - strategy_builder.backtest.condition_registry - ERROR - Error evaluating condition institutional_edge_sweep_mss: name 'StructureDetector' is not defined
2026-05-30 23:36:41,849 - strategy_builder.backtest.condition_registry - ERROR - Error evaluating condition institutional_edge_sweep_mss: name 'StructureDetector' is not defined
2026-05-30 23:36:41,850 - strategy_builder.backtest.condition_registry - ERROR - Error evaluating condition institutional_edge_sweep_mss: name 'StructureDetector' is not defined
2026-05-30 23:36:41,850 - strategy_builder.backtest.condition_registry - ERROR - Error evaluating condition institutional_edge_sweep_mss: name 'StructureDetector' is not defined
2026-05-30 23:36:41,851 - strategy_builder.backtest.condition_registry - ERROR - Error evaluating condition institutional_edge_sweep_mss: name 'StructureDetector' is not defined
2026-05-30 23:36:41,851 - strategy_builder.backtest.condition_registry - ERROR - Error evaluating condition institutional_edge_sweep_mss: name 'StructureDetector' is not defined
2026-05-30 23:36:41,852 - strategy_builder.backtest.condition_registry - ERROR - Error evaluating condition institutional_edge_sweep_mss: name 'StructureDetector' is not defined
2026-05-30 23:36:41,852 - strategy_builder.backtest.condition_registry - ERROR - Error evaluating condition institutional_edge_sweep_mss: name 'StructureDetector' is not defined
2026-05-30 23:36:41,852 - strategy_builder.backtest.condition_registry - ERROR - Error evaluating condition institutional_edge_sweep_mss: name 'StructureDetector' is not defined
2026-05-30 23:36:41,852 - strategy_builder.backtest.condition_registry - ERROR - Error evaluating condition institutional_edge_sweep_mss: name 'StructureDetector' is not defined
2026-05-30 23:36:41,853 - strategy_builder.backtest.condition_registry - ERROR - Error evaluating condition institutional_edge_sweep_mss: name 'StructureDetector' is not defined
2026-05-30 23:36:41,853 - strategy_builder.backtest.condition_registry - ERROR - Error evaluating condition institutional_edge_sweep_mss: name 'StructureDetector' is not defined
2026-05-30 23:36:41,854 - strategy_builder.backtest.condition_registry - ERROR - Error evaluating condition institutional_edge_sweep_mss: name 'StructureDetector' is not defined
2026-05-30 23:36:41,854 - strategy_builder.backtest.condition_registry - ERROR - Error evaluating condition institutional_edge_sweep_mss: name 'StructureDetector' is not defined
2026-05-30 23:36:41,854 - strategy_builder.backtest.condition_registry - ERROR - Error evaluating condition institutional_edge_sweep_mss: name 'StructureDetector' is not defined
2026-05-30 23:36:41,854 - strategy_builder.backtest.condition_registry - ERROR - Error evaluating condition institutional_edge_sweep_mss: name 'StructureDetector' is not defined
2026-05-30 23:36:41,855 - strategy_builder.backtest.condition_registry - ERROR - Error evaluating condition institutional_edge_sweep_mss: name 'StructureDetector' is not defined
2026-05-30 23:36:41,855 - strategy_builder.backtest.condition_registry - ERROR - Error evaluating condition institutional_edge_sweep_mss: name 'StructureDetector' is not defined
2026-05-30 23:36:41,856 - strategy_builder.backtest.condition_registry - ERROR - Error evaluating condition institutional_edge_sweep_mss: name 'StructureDetector' is not defined
2026-05-30 23:36:41,856 - strategy_builder.backtest.condition_registry - ERROR - Error evaluating condition institutional_edge_sweep_mss: name 'StructureDetector' is not defined
2026-05-30 23:36:41,857 - strategy_builder.backtest.condition_registry - ERROR - Error evaluating condition institutional_edge_sweep_mss: name 'StructureDetector' is not defined
2026-05-30 23:36:41,857 - strategy_builder.backtest.condition_registry - ERROR - Error evaluating condition institutional_edge_sweep_mss: name 'StructureDetector' is not defined
2026-05-30 23:36:41,858 - strategy_builder.backtest.condition_registry - ERROR - Error evaluating condition institutional_edge_sweep_mss: name 'StructureDetector' is not defined
2026-05-30 23:36:41,858 - strategy_builder.backtest.condition_registry - ERROR - Error evaluating condition institutional_edge_sweep_mss: name 'StructureDetector' is not defined
2026-05-30 23:36:41,859 - strategy_builder.backtest.condition_registry - ERROR - Error evaluating condition institutional_edge_sweep_mss: name 'StructureDetector' is not defined
2026-05-30 23:36:41,859 - strategy_builder.backtest.condition_registry - ERROR - Error evaluating condition institutional_edge_sweep_mss: name 'StructureDetector' is not defined
2026-05-30 23:36:41,859 - strategy_builder.backtest.condition_registry - ERROR - Error evaluating condition institutional_edge_sweep_mss: name 'StructureDetector' is not defined
2026-05-30 23:36:41,859 - strategy_builder.backtest.condition_registry - ERROR - Error evaluating condition institutional_edge_sweep_mss: name 'StructureDetector' is not defined
2026-05-30 23:36:41,860 - strategy_builder.backtest.condition_registry - ERROR - Error evaluating condition institutional_edge_sweep_mss: name 'StructureDetector' is not defined
2026-05-30 23:36:41,860 - strategy_builder.backtest.condition_registry - ERROR - Error evaluating condition institutional_edge_sweep_mss: name 'StructureDetector' is not defined
2026-05-30 23:36:41,861 - strategy_builder.backtest.condition_registry - ERROR - Error evaluating condition institutional_edge_sweep_mss: name 'StructureDetector' is not defined
2026-05-30 23:36:41,861 - strategy_builder.backtest.condition_registry - ERROR - Error evaluating condition institutional_edge_sweep_mss: name 'StructureDetector' is not defined
2026-05-30 23:36:41,862 - strategy_builder.backtest.condition_registry - ERROR - Error evaluating condition institutional_edge_sweep_mss: name 'StructureDetector' is not defined
2026-05-30 23:36:41,862 - strategy_builder.backtest.condition_registry - ERROR - Error evaluating condition institutional_edge_sweep_mss: name 'StructureDetector' is not defined
2026-05-30 23:36:41,863 - strategy_builder.backtest.condition_registry - ERROR - Error evaluating condition institutional_edge_sweep_mss: name 'StructureDetector' is not defined
2026-05-30 23:36:41,863 - strategy_builder.backtest.condition_registry - ERROR - Error evaluating condition institutional_edge_sweep_mss: name 'StructureDetector' is not defined
2026-05-30 23:36:41,863 - strategy_builder.backtest.condition_registry - ERROR - Error evaluating condition institutional_edge_sweep_mss: name 'StructureDetector' is not defined
2026-05-30 23:36:41,863 - strategy_builder.backtest.condition_registry - ERROR - Error evaluating condition institutional_edge_sweep_mss: name 'StructureDetector' is not defined
2026-05-30 23:36:41,864 - strategy_builder.backtest.condition_registry - ERROR - Error evaluating condition institutional_edge_sweep_mss: name 'StructureDetector' is not defined
2026-05-30 23:36:41,864 - strategy_builder.backtest.condition_registry - ERROR - Error evaluating condition institutional_edge_sweep_mss: name 'StructureDetector' is not defined
2026-05-30 23:36:41,865 - strategy_builder.backtest.condition_registry - ERROR - Error evaluating condition institutional_edge_sweep_mss: name 'StructureDetector' is not defined
2026-05-30 23:36:41,865 - strategy_builder.backtest.condition_registry - ERROR - Error evaluating condition institutional_edge_sweep_mss: name 'StructureDetector' is not defined
2026-05-30 23:36:41,866 - strategy_builder.backtest.condition_registry - ERROR - Error evaluating condition institutional_edge_sweep_mss: name 'StructureDetector' is not defined
2026-05-30 23:36:41,866 - strategy_builder.backtest.condition_registry - ERROR - Error evaluating condition institutional_edge_sweep_mss: name 'StructureDetector' is not defined
2026-05-30 23:36:41,866 - strategy_builder.backtest.condition_registry - ERROR - Error evaluating condition institutional_edge_sweep_mss: name 'StructureDetector' is not defined
2026-05-30 23:36:41,866 - strategy_builder.backtest.condition_registry - ERROR - Error evaluating condition institutional_edge_sweep_mss: name 'StructureDetector' is not defined
2026-05-30 23:36:41,867 - strategy_builder.backtest.condition_registry - ERROR - Error evaluating condition institutional_edge_sweep_mss: name 'StructureDetector' is not defined
2026-05-30 23:36:41,867 - strategy_builder.backtest.condition_registry - ERROR - Error evaluating condition institutional_edge_sweep_mss: name 'StructureDetector' is not defined
2026-05-30 23:36:41,868 - strategy_builder.backtest.condition_registry - ERROR - Error evaluating condition institutional_edge_sweep_mss: name 'StructureDetector' is not defined
2026-05-30 23:36:41,868 - strategy_builder.backtest.condition_registry - ERROR - Error evaluating condition institutional_edge_sweep_mss: name 'StructureDetector' is not defined
2026-05-30 23:36:41,869 - strategy_builder.backtest.condition_registry - ERROR - Error evaluating condition institutional_edge_sweep_mss: name 'StructureDetector' is not defined
2026-05-30 23:36:41,869 - strategy_builder.backtest.condition_registry - ERROR - Error evaluating condition institutional_edge_sweep_mss: name 'StructureDetector' is not defined
2026-05-30 23:36:41,869 - strategy_builder.backtest.condition_registry - ERROR - Error evaluating condition institutional_edge_sweep_mss: name 'StructureDetector' is not defined
2026-05-30 23:36:41,869 - strategy_builder.backtest.condition_registry - ERROR - Error evaluating condition institutional_edge_sweep_mss: name 'StructureDetector' is not defined
2026-05-30 23:36:41,870 - strategy_builder.backtest.condition_registry - ERROR - Error evaluating condition institutional_edge_sweep_mss: name 'StructureDetector' is not defined
2026-05-30 23:36:41,870 - strategy_builder.backtest.condition_registry - ERROR - Error evaluating condition institutional_edge_sweep_mss: name 'StructureDetector' is not defined
2026-05-30 23:36:41,871 - strategy_builder.backtest.condition_registry - ERROR - Error evaluating condition institutional_edge_sweep_mss: name 'StructureDetector' is not defined
2026-05-30 23:36:41,871 - strategy_builder.backtest.condition_registry - ERROR - Error evaluating condition institutional_edge_sweep_mss: name 'StructureDetector' is not defined
2026-05-30 23:36:41,872 - strategy_builder.backtest.condition_registry - ERROR - Error evaluating condition institutional_edge_sweep_mss: name 'StructureDetector' is not defined
2026-05-30 23:36:41,872 - strategy_builder.backtest.condition_registry - ERROR - Error evaluating condition institutional_edge_sweep_mss: name 'StructureDetector' is not defined
2026-05-30 23:36:41,873 - strategy_builder.backtest.condition_registry - ERROR - Error evaluating condition institutional_edge_sweep_mss: name 'StructureDetector' is not defined
2026-05-30 23:36:41,873 - strategy_builder.backtest.condition_registry - ERROR - Error evaluating condition institutional_edge_sweep_mss: name 'StructureDetector' is not defined
2026-05-30 23:36:41,874 - strategy_builder.backtest.condition_registry - ERROR - Error evaluating condition institutional_edge_sweep_mss: name 'StructureDetector' is not defined
2026-05-30 23:36:41,874 - strategy_builder.backtest.condition_registry - ERROR - Error evaluating condition institutional_edge_sweep_mss: name 'StructureDetector' is not defined
2026-05-30 23:36:41,876 - strategy_builder.backtest.condition_registry - ERROR - Error evaluating condition institutional_edge_sweep_mss: name 'StructureDetector' is not defined
2026-05-30 23:36:41,876 - strategy_builder.backtest.condition_registry - ERROR - Error evaluating condition institutional_edge_sweep_mss: name 'StructureDetector' is not defined
2026-05-30 23:36:41,877 - strategy_builder.backtest.condition_registry - ERROR - Error evaluating condition institutional_edge_sweep_mss: name 'StructureDetector' is not defined
2026-05-30 23:36:41,877 - strategy_builder.backtest.condition_registry - ERROR - Error evaluating condition institutional_edge_sweep_mss: name 'StructureDetector' is not defined
2026-05-30 23:36:41,878 - strategy_builder.backtest.condition_registry - ERROR - Error evaluating condition institutional_edge_sweep_mss: name 'StructureDetector' is not defined
2026-05-30 23:36:41,878 - strategy_builder.backtest.condition_registry - ERROR - Error evaluating condition institutional_edge_sweep_mss: name 'StructureDetector' is not defined
2026-05-30 23:36:41,879 - strategy_builder.backtest.condition_registry - ERROR - Error evaluating condition institutional_edge_sweep_mss: name 'StructureDetector' is not defined
2026-05-30 23:36:41,879 - strategy_builder.backtest.condition_registry - ERROR - Error evaluating condition institutional_edge_sweep_mss: name 'StructureDetector' is not defined
2026-05-30 23:36:41,879 - strategy_builder.backtest.condition_registry - ERROR - Error evaluating condition institutional_edge_sweep_mss: name 'StructureDetector' is not defined
2026-05-30 23:36:41,879 - strategy_builder.backtest.condition_registry - ERROR - Error evaluating condition institutional_edge_sweep_mss: name 'StructureDetector' is not defined
2026-05-30 23:36:41,880 - strategy_builder.backtest.condition_registry - ERROR - Error evaluating condition institutional_edge_sweep_mss: name 'StructureDetector' is not defined
2026-05-30 23:36:41,880 - strategy_builder.backtest.condition_registry - ERROR - Error evaluating condition institutional_edge_sweep_mss: name 'StructureDetector' is not defined
2026-05-30 23:36:41,881 - strategy_builder.backtest.condition_registry - ERROR - Error evaluating condition institutional_edge_sweep_mss: name 'StructureDetector' is not defined
2026-05-30 23:36:41,881 - strategy_builder.backtest.condition_registry - ERROR - Error evaluating condition institutional_edge_sweep_mss: name 'StructureDetector' is not defined
2026-05-30 23:36:41,882 - strategy_builder.backtest.condition_registry - ERROR - Error evaluating condition institutional_edge_sweep_mss: name 'StructureDetector' is not defined
2026-05-30 23:36:41,882 - strategy_builder.backtest.condition_registry - ERROR - Error evaluating condition institutional_edge_sweep_mss: name 'StructureDetector' is not defined
2026-05-30 23:36:41,883 - strategy_builder.backtest.condition_registry - ERROR - Error evaluating condition institutional_edge_sweep_mss: name 'StructureDetector' is not defined
2026-05-30 23:36:41,883 - strategy_builder.backtest.condition_registry - ERROR - Error evaluating condition institutional_edge_sweep_mss: name 'StructureDetector' is not defined
2026-05-30 23:36:41,884 - strategy_builder.backtest.condition_registry - ERROR - Error evaluating condition institutional_edge_sweep_mss: name 'StructureDetector' is not defined
2026-05-30 23:36:41,884 - strategy_builder.backtest.condition_registry - ERROR - Error evaluating condition institutional_edge_sweep_mss: name 'StructureDetector' is not defined
2026-05-30 23:36:41,885 - strategy_builder.backtest.condition_registry - ERROR - Error evaluating condition institutional_edge_sweep_mss: name 'StructureDetector' is not defined
2026-05-30 23:36:41,885 - strategy_builder.backtest.condition_registry - ERROR - Error evaluating condition institutional_edge_sweep_mss: name 'StructureDetector' is not defined
2026-05-30 23:36:41,886 - strategy_builder.backtest.condition_registry - ERROR - Error evaluating condition institutional_edge_sweep_mss: name 'StructureDetector' is not defined
2026-05-30 23:36:41,886 - strategy_builder.backtest.condition_registry - ERROR - Error evaluating condition institutional_edge_sweep_mss: name 'StructureDetector' is not defined
2026-05-30 23:36:41,888 - strategy_builder.backtest.condition_registry - ERROR - Error evaluating condition institutional_edge_sweep_mss: name 'StructureDetector' is not defined
2026-05-30 23:36:41,888 - strategy_builder.backtest.condition_registry - ERROR - Error evaluating condition institutional_edge_sweep_mss: name 'StructureDetector' is not defined
2026-05-30 23:36:41,889 - strategy_builder.backtest.condition_registry - ERROR - Error evaluating condition institutional_edge_sweep_mss: name 'StructureDetector' is not defined
2026-05-30 23:36:41,889 - strategy_builder.backtest.condition_registry - ERROR - Error evaluating condition institutional_edge_sweep_mss: name 'StructureDetector' is not defined
2026-05-30 23:36:41,890 - strategy_builder.backtest.condition_registry - ERROR - Error evaluating condition institutional_edge_sweep_mss: name 'StructureDetector' is not defined
2026-05-30 23:36:41,890 - strategy_builder.backtest.condition_registry - ERROR - Error evaluating condition institutional_edge_sweep_mss: name 'StructureDetector' is not defined
2026-05-30 23:36:41,891 - strategy_builder.backtest.condition_registry - ERROR - Error evaluating condition institutional_edge_sweep_mss: name 'StructureDetector' is not defined
2026-05-30 23:36:41,891 - strategy_builder.backtest.condition_registry - ERROR - Error evaluating condition institutional_edge_sweep_mss: name 'StructureDetector' is not defined
2026-05-30 23:36:41,892 - strategy_builder.backtest.condition_registry - ERROR - Error evaluating condition institutional_edge_sweep_mss: name 'StructureDetector' is not defined
2026-05-30 23:36:41,892 - strategy_builder.backtest.condition_registry - ERROR - Error evaluating condition institutional_edge_sweep_mss: name 'StructureDetector' is not defined
2026-05-30 23:36:41,893 - strategy_builder.backtest.condition_registry - ERROR - Error evaluating condition institutional_edge_sweep_mss: name 'StructureDetector' is not defined
2026-05-30 23:36:41,893 - strategy_builder.backtest.condition_registry - ERROR - Error evaluating condition institutional_edge_sweep_mss: name 'StructureDetector' is not defined
2026-05-30 23:36:41,894 - strategy_builder.backtest.condition_registry - ERROR - Error evaluating condition institutional_edge_sweep_mss: name 'StructureDetector' is not defined
2026-05-30 23:36:41,894 - strategy_builder.backtest.condition_registry - ERROR - Error evaluating condition institutional_edge_sweep_mss: name 'StructureDetector' is not defined
2026-05-30 23:36:41,895 - strategy_builder.backtest.condition_registry - ERROR - Error evaluating condition institutional_edge_sweep_mss: name 'StructureDetector' is not defined
2026-05-30 23:36:41,895 - strategy_builder.backtest.condition_registry - ERROR - Error evaluating condition institutional_edge_sweep_mss: name 'StructureDetector' is not defined
2026-05-30 23:36:41,897 - strategy_builder.backtest.condition_registry - ERROR - Error evaluating condition institutional_edge_sweep_mss: name 'StructureDetector' is not defined
2026-05-30 23:36:41,897 - strategy_builder.backtest.condition_registry - ERROR - Error evaluating condition institutional_edge_sweep_mss: name 'StructureDetector' is not defined
2026-05-30 23:36:41,898 - strategy_builder.backtest.condition_registry - ERROR - Error evaluating condition institutional_edge_sweep_mss: name 'StructureDetector' is not defined
2026-05-30 23:36:41,898 - strategy_builder.backtest.condition_registry - ERROR - Error evaluating condition institutional_edge_sweep_mss: name 'StructureDetector' is not defined
2026-05-30 23:36:41,899 - strategy_builder.backtest.condition_registry - ERROR - Error evaluating condition institutional_edge_sweep_mss: name 'StructureDetector' is not defined
2026-05-30 23:36:41,899 - strategy_builder.backtest.condition_registry - ERROR - Error evaluating condition institutional_edge_sweep_mss: name 'StructureDetector' is not defined
2026-05-30 23:36:41,900 - strategy_builder.backtest.condition_registry - ERROR - Error evaluating condition institutional_edge_sweep_mss: name 'StructureDetector' is not defined
2026-05-30 23:36:41,900 - strategy_builder.backtest.condition_registry - ERROR - Error evaluating condition institutional_edge_sweep_mss: name 'StructureDetector' is not defined
2026-05-30 23:36:41,901 - strategy_builder.backtest.condition_registry - ERROR - Error evaluating condition institutional_edge_sweep_mss: name 'StructureDetector' is not defined
2026-05-30 23:36:41,901 - strategy_builder.backtest.condition_registry - ERROR - Error evaluating condition institutional_edge_sweep_mss: name 'StructureDetector' is not defined
2026-05-30 23:36:41,903 - strategy_builder.backtest.condition_registry - ERROR - Error evaluating condition institutional_edge_sweep_mss: name 'StructureDetector' is not defined
2026-05-30 23:36:41,903 - strategy_builder.backtest.condition_registry - ERROR - Error evaluating condition institutional_edge_sweep_mss: name 'StructureDetector' is not defined
2026-05-30 23:36:41,904 - strategy_builder.backtest.condition_registry - ERROR - Error evaluating condition institutional_edge_sweep_mss: name 'StructureDetector' is not defined
2026-05-30 23:36:41,904 - strategy_builder.backtest.condition_registry - ERROR - Error evaluating condition institutional_edge_sweep_mss: name 'StructureDetector' is not defined
2026-05-30 23:36:41,905 - strategy_builder.backtest.condition_registry - ERROR - Error evaluating condition institutional_edge_sweep_mss: name 'StructureDetector' is not defined
2026-05-30 23:36:41,905 - strategy_builder.backtest.condition_registry - ERROR - Error evaluating condition institutional_edge_sweep_mss: name 'StructureDetector' is not defined
2026-05-30 23:36:41,906 - strategy_builder.backtest.condition_registry - ERROR - Error evaluating condition institutional_edge_sweep_mss: name 'StructureDetector' is not defined
2026-05-30 23:36:41,906 - strategy_builder.backtest.condition_registry - ERROR - Error evaluating condition institutional_edge_sweep_mss: name 'StructureDetector' is not defined
2026-05-30 23:36:41,906 - strategy_builder.backtest.condition_registry - ERROR - Error evaluating condition institutional_edge_sweep_mss: name 'StructureDetector' is not defined
2026-05-30 23:36:41,906 - strategy_builder.backtest.condition_registry - ERROR - Error evaluating condition institutional_edge_sweep_mss: name 'StructureDetector' is not defined
2026-05-30 23:36:41,907 - strategy_builder.backtest.condition_registry - ERROR - Error evaluating condition institutional_edge_sweep_mss: name 'StructureDetector' is not defined
2026-05-30 23:36:41,907 - strategy_builder.backtest.condition_registry - ERROR - Error evaluating condition institutional_edge_sweep_mss: name 'StructureDetector' is not defined
2026-05-30 23:36:41,908 - strategy_builder.backtest.condition_registry - ERROR - Error evaluating condition institutional_edge_sweep_mss: name 'StructureDetector' is not defined
2026-05-30 23:36:41,908 - strategy_builder.backtest.condition_registry - ERROR - Error evaluating condition institutional_edge_sweep_mss: name 'StructureDetector' is not defined
2026-05-30 23:36:41,909 - strategy_builder.backtest.condition_registry - ERROR - Error evaluating condition institutional_edge_sweep_mss: name 'StructureDetector' is not defined
2026-05-30 23:36:41,909 - strategy_builder.backtest.condition_registry - ERROR - Error evaluating condition institutional_edge_sweep_mss: name 'StructureDetector' is not defined
2026-05-30 23:36:41,909 - strategy_builder.backtest.condition_registry - ERROR - Error evaluating condition institutional_edge_sweep_mss: name 'StructureDetector' is not defined
2026-05-30 23:36:41,909 - strategy_builder.backtest.condition_registry - ERROR - Error evaluating condition institutional_edge_sweep_mss: name 'StructureDetector' is not defined
2026-05-30 23:36:41,910 - strategy_builder.backtest.condition_registry - ERROR - Error evaluating condition institutional_edge_sweep_mss: name 'StructureDetector' is not defined
2026-05-30 23:36:41,910 - strategy_builder.backtest.condition_registry - ERROR - Error evaluating condition institutional_edge_sweep_mss: name 'StructureDetector' is not defined
2026-05-30 23:36:41,911 - strategy_builder.backtest.condition_registry - ERROR - Error evaluating condition institutional_edge_sweep_mss: name 'StructureDetector' is not defined
2026-05-30 23:36:41,911 - strategy_builder.backtest.condition_registry - ERROR - Error evaluating condition institutional_edge_sweep_mss: name 'StructureDetector' is not defined
2026-05-30 23:36:41,912 - strategy_builder.backtest.condition_registry - ERROR - Error evaluating condition institutional_edge_sweep_mss: name 'StructureDetector' is not defined
2026-05-30 23:36:41,912 - strategy_builder.backtest.condition_registry - ERROR - Error evaluating condition institutional_edge_sweep_mss: name 'StructureDetector' is not defined
2026-05-30 23:36:41,912 - strategy_builder.backtest.condition_registry - ERROR - Error evaluating condition institutional_edge_sweep_mss: name 'StructureDetector' is not defined
2026-05-30 23:36:41,912 - strategy_builder.backtest.condition_registry - ERROR - Error evaluating condition institutional_edge_sweep_mss: name 'StructureDetector' is not defined
2026-05-30 23:36:41,913 - strategy_builder.backtest.condition_registry - ERROR - Error evaluating condition institutional_edge_sweep_mss: name 'StructureDetector' is not defined
2026-05-30 23:36:41,913 - strategy_builder.backtest.condition_registry - ERROR - Error evaluating condition institutional_edge_sweep_mss: name 'StructureDetector' is not defined
2026-05-30 23:36:41,914 - strategy_builder.backtest.condition_registry - ERROR - Error evaluating condition institutional_edge_sweep_mss: name 'StructureDetector' is not defined
2026-05-30 23:36:41,914 - strategy_builder.backtest.condition_registry - ERROR - Error evaluating condition institutional_edge_sweep_mss: name 'StructureDetector' is not defined
2026-05-30 23:36:41,915 - strategy_builder.backtest.condition_registry - ERROR - Error evaluating condition institutional_edge_sweep_mss: name 'StructureDetector' is not defined
2026-05-30 23:36:41,915 - strategy_builder.backtest.condition_registry - ERROR - Error evaluating condition institutional_edge_sweep_mss: name 'StructureDetector' is not defined
2026-05-30 23:36:41,915 - strategy_builder.backtest.condition_registry - ERROR - Error evaluating condition institutional_edge_sweep_mss: name 'StructureDetector' is not defined
2026-05-30 23:36:41,915 - strategy_builder.backtest.condition_registry - ERROR - Error evaluating condition institutional_edge_sweep_mss: name 'StructureDetector' is not defined
2026-05-30 23:36:41,916 - strategy_builder.backtest.condition_registry - ERROR - Error evaluating condition institutional_edge_sweep_mss: name 'StructureDetector' is not defined
2026-05-30 23:36:41,916 - strategy_builder.backtest.condition_registry - ERROR - Error evaluating condition institutional_edge_sweep_mss: name 'StructureDetector' is not defined
2026-05-30 23:36:41,917 - strategy_builder.backtest.condition_registry - ERROR - Error evaluating condition institutional_edge_sweep_mss: name 'StructureDetector' is not defined
2026-05-30 23:36:41,917 - strategy_builder.backtest.condition_registry - ERROR - Error evaluating condition institutional_edge_sweep_mss: name 'StructureDetector' is not defined
2026-05-30 23:36:41,918 - strategy_builder.backtest.condition_registry - ERROR - Error evaluating condition institutional_edge_sweep_mss: name 'StructureDetector' is not defined
2026-05-30 23:36:41,918 - strategy_builder.backtest.condition_registry - ERROR - Error evaluating condition institutional_edge_sweep_mss: name 'StructureDetector' is not defined
2026-05-30 23:36:41,919 - strategy_builder.backtest.condition_registry - ERROR - Error evaluating condition institutional_edge_sweep_mss: name 'StructureDetector' is not defined
2026-05-30 23:36:41,919 - strategy_builder.backtest.condition_registry - ERROR - Error evaluating condition institutional_edge_sweep_mss: name 'StructureDetector' is not defined
2026-05-30 23:36:41,919 - strategy_builder.backtest.condition_registry - ERROR - Error evaluating condition institutional_edge_sweep_mss: name 'StructureDetector' is not defined
2026-05-30 23:36:41,919 - strategy_builder.backtest.condition_registry - ERROR - Error evaluating condition institutional_edge_sweep_mss: name 'StructureDetector' is not defined
2026-05-30 23:36:41,920 - strategy_builder.backtest.condition_registry - ERROR - Error evaluating condition institutional_edge_sweep_mss: name 'StructureDetector' is not defined
2026-05-30 23:36:41,920 - strategy_builder.backtest.condition_registry - ERROR - Error evaluating condition institutional_edge_sweep_mss: name 'StructureDetector' is not defined
2026-05-30 23:36:41,921 - strategy_builder.backtest.condition_registry - ERROR - Error evaluating condition institutional_edge_sweep_mss: name 'StructureDetector' is not defined
2026-05-30 23:36:41,921 - strategy_builder.backtest.condition_registry - ERROR - Error evaluating condition institutional_edge_sweep_mss: name 'StructureDetector' is not defined
2026-05-30 23:36:41,922 - strategy_builder.backtest.condition_registry - ERROR - Error evaluating condition institutional_edge_sweep_mss: name 'StructureDetector' is not defined
2026-05-30 23:36:41,922 - strategy_builder.backtest.condition_registry - ERROR - Error evaluating condition institutional_edge_sweep_mss: name 'StructureDetector' is not defined
2026-05-30 23:36:41,922 - strategy_builder.backtest.condition_registry - ERROR - Error evaluating condition institutional_edge_sweep_mss: name 'StructureDetector' is not defined
2026-05-30 23:36:41,922 - strategy_builder.backtest.condition_registry - ERROR - Error evaluating condition institutional_edge_sweep_mss: name 'StructureDetector' is not defined
2026-05-30 23:36:41,923 - strategy_builder.backtest.condition_registry - ERROR - Error evaluating condition institutional_edge_sweep_mss: name 'StructureDetector' is not defined
2026-05-30 23:36:41,923 - strategy_builder.backtest.condition_registry - ERROR - Error evaluating condition institutional_edge_sweep_mss: name 'StructureDetector' is not defined
2026-05-30 23:36:41,924 - strategy_builder.backtest.condition_registry - ERROR - Error evaluating condition institutional_edge_sweep_mss: name 'StructureDetector' is not defined
2026-05-30 23:36:41,924 - strategy_builder.backtest.condition_registry - ERROR - Error evaluating condition institutional_edge_sweep_mss: name 'StructureDetector' is not defined
2026-05-30 23:36:41,925 - strategy_builder.backtest.condition_registry - ERROR - Error evaluating condition institutional_edge_sweep_mss: name 'StructureDetector' is not defined
2026-05-30 23:36:41,925 - strategy_builder.backtest.condition_registry - ERROR - Error evaluating condition institutional_edge_sweep_mss: name 'StructureDetector' is not defined
2026-05-30 23:36:41,926 - strategy_builder.backtest.condition_registry - ERROR - Error evaluating condition institutional_edge_sweep_mss: name 'StructureDetector' is not defined
2026-05-30 23:36:41,926 - strategy_builder.backtest.condition_registry - ERROR - Error evaluating condition institutional_edge_sweep_mss: name 'StructureDetector' is not defined
2026-05-30 23:36:41,926 - strategy_builder.backtest.condition_registry - ERROR - Error evaluating condition institutional_edge_sweep_mss: name 'StructureDetector' is not defined
2026-05-30 23:36:41,926 - strategy_builder.backtest.condition_registry - ERROR - Error evaluating condition institutional_edge_sweep_mss: name 'StructureDetector' is not defined
2026-05-30 23:36:41,927 - strategy_builder.backtest.condition_registry - ERROR - Error evaluating condition institutional_edge_sweep_mss: name 'StructureDetector' is not defined
2026-05-30 23:36:41,927 - strategy_builder.backtest.condition_registry - ERROR - Error evaluating condition institutional_edge_sweep_mss: name 'StructureDetector' is not defined
2026-05-30 23:36:41,928 - strategy_builder.backtest.condition_registry - ERROR - Error evaluating condition institutional_edge_sweep_mss: name 'StructureDetector' is not defined
2026-05-30 23:36:41,928 - strategy_builder.backtest.condition_registry - ERROR - Error evaluating condition institutional_edge_sweep_mss: name 'StructureDetector' is not defined
2026-05-30 23:36:41,929 - strategy_builder.backtest.condition_registry - ERROR - Error evaluating condition institutional_edge_sweep_mss: name 'StructureDetector' is not defined
2026-05-30 23:36:41,929 - strategy_builder.backtest.condition_registry - ERROR - Error evaluating condition institutional_edge_sweep_mss: name 'StructureDetector' is not defined
2026-05-30 23:36:41,930 - strategy_builder.backtest.condition_registry - ERROR - Error evaluating condition institutional_edge_sweep_mss: name 'StructureDetector' is not defined
2026-05-30 23:36:41,930 - strategy_builder.backtest.condition_registry - ERROR - Error evaluating condition institutional_edge_sweep_mss: name 'StructureDetector' is not defined
2026-05-30 23:36:41,930 - strategy_builder.backtest.condition_registry - ERROR - Error evaluating condition institutional_edge_sweep_mss: name 'StructureDetector' is not defined
2026-05-30 23:36:41,930 - strategy_builder.backtest.condition_registry - ERROR - Error evaluating condition institutional_edge_sweep_mss: name 'StructureDetector' is not defined
2026-05-30 23:36:41,931 - strategy_builder.backtest.condition_registry - ERROR - Error evaluating condition institutional_edge_sweep_mss: name 'StructureDetector' is not defined
2026-05-30 23:36:41,931 - strategy_builder.backtest.condition_registry - ERROR - Error evaluating condition institutional_edge_sweep_mss: name 'StructureDetector' is not defined
2026-05-30 23:36:41,932 - strategy_builder.backtest.condition_registry - ERROR - Error evaluating condition institutional_edge_sweep_mss: name 'StructureDetector' is not defined
2026-05-30 23:36:41,932 - strategy_builder.backtest.condition_registry - ERROR - Error evaluating condition institutional_edge_sweep_mss: name 'StructureDetector' is not defined
2026-05-30 23:36:41,933 - strategy_builder.backtest.condition_registry - ERROR - Error evaluating condition institutional_edge_sweep_mss: name 'StructureDetector' is not defined
2026-05-30 23:36:41,933 - strategy_builder.backtest.condition_registry - ERROR - Error evaluating condition institutional_edge_sweep_mss: name 'StructureDetector' is not defined
2026-05-30 23:36:41,934 - strategy_builder.backtest.condition_registry - ERROR - Error evaluating condition institutional_edge_sweep_mss: name 'StructureDetector' is not defined
2026-05-30 23:36:41,934 - strategy_builder.backtest.condition_registry - ERROR - Error evaluating condition institutional_edge_sweep_mss: name 'StructureDetector' is not defined
2026-05-30 23:36:41,935 - strategy_builder.backtest.condition_registry - ERROR - Error evaluating condition institutional_edge_sweep_mss: name 'StructureDetector' is not defined
2026-05-30 23:36:41,935 - strategy_builder.backtest.condition_registry - ERROR - Error evaluating condition institutional_edge_sweep_mss: name 'StructureDetector' is not defined
2026-05-30 23:36:41,935 - strategy_builder.backtest.condition_registry - ERROR - Error evaluating condition institutional_edge_sweep_mss: name 'StructureDetector' is not defined
2026-05-30 23:36:41,935 - strategy_builder.backtest.condition_registry - ERROR - Error evaluating condition institutional_edge_sweep_mss: name 'StructureDetector' is not defined
2026-05-30 23:36:41,936 - strategy_builder.backtest.condition_registry - ERROR - Error evaluating condition institutional_edge_sweep_mss: name 'StructureDetector' is not defined
2026-05-30 23:36:41,936 - strategy_builder.backtest.condition_registry - ERROR - Error evaluating condition institutional_edge_sweep_mss: name 'StructureDetector' is not defined
2026-05-30 23:36:41,937 - strategy_builder.backtest.condition_registry - ERROR - Error evaluating condition institutional_edge_sweep_mss: name 'StructureDetector' is not defined
2026-05-30 23:36:41,937 - strategy_builder.backtest.condition_registry - ERROR - Error evaluating condition institutional_edge_sweep_mss: name 'StructureDetector' is not defined
2026-05-30 23:36:41,938 - strategy_builder.backtest.condition_registry - ERROR - Error evaluating condition institutional_edge_sweep_mss: name 'StructureDetector' is not defined
2026-05-30 23:36:41,938 - strategy_builder.backtest.condition_registry - ERROR - Error evaluating condition institutional_edge_sweep_mss: name 'StructureDetector' is not defined
2026-05-30 23:36:41,939 - strategy_builder.backtest.condition_registry - ERROR - Error evaluating condition institutional_edge_sweep_mss: name 'StructureDetector' is not defined
2026-05-30 23:36:41,939 - strategy_builder.backtest.condition_registry - ERROR - Error evaluating condition institutional_edge_sweep_mss: name 'StructureDetector' is not defined
2026-05-30 23:36:41,939 - strategy_builder.backtest.condition_registry - ERROR - Error evaluating condition institutional_edge_sweep_mss: name 'StructureDetector' is not defined
2026-05-30 23:36:41,939 - strategy_builder.backtest.condition_registry - ERROR - Error evaluating condition institutional_edge_sweep_mss: name 'StructureDetector' is not defined
2026-05-30 23:36:41,940 - strategy_builder.backtest.condition_registry - ERROR - Error evaluating condition institutional_edge_sweep_mss: name 'StructureDetector' is not defined
2026-05-30 23:36:41,940 - strategy_builder.backtest.condition_registry - ERROR - Error evaluating condition institutional_edge_sweep_mss: name 'StructureDetector' is not defined
2026-05-30 23:36:41,941 - strategy_builder.backtest.condition_registry - ERROR - Error evaluating condition institutional_edge_sweep_mss: name 'StructureDetector' is not defined
2026-05-30 23:36:41,941 - strategy_builder.backtest.condition_registry - ERROR - Error evaluating condition institutional_edge_sweep_mss: name 'StructureDetector' is not defined
2026-05-30 23:36:41,942 - strategy_builder.backtest.condition_registry - ERROR - Error evaluating condition institutional_edge_sweep_mss: name 'StructureDetector' is not defined
2026-05-30 23:36:41,942 - strategy_builder.backtest.condition_registry - ERROR - Error evaluating condition institutional_edge_sweep_mss: name 'StructureDetector' is not defined
2026-05-30 23:36:41,943 - strategy_builder.backtest.condition_registry - ERROR - Error evaluating condition institutional_edge_sweep_mss: name 'StructureDetector' is not defined
2026-05-30 23:36:41,943 - strategy_builder.backtest.condition_registry - ERROR - Error evaluating condition institutional_edge_sweep_mss: name 'StructureDetector' is not defined
2026-05-30 23:36:41,943 - strategy_builder.backtest.condition_registry - ERROR - Error evaluating condition institutional_edge_sweep_mss: name 'StructureDetector' is not defined
2026-05-30 23:36:41,943 - strategy_builder.backtest.condition_registry - ERROR - Error evaluating condition institutional_edge_sweep_mss: name 'StructureDetector' is not defined
2026-05-30 23:36:41,944 - strategy_builder.backtest.condition_registry - ERROR - Error evaluating condition institutional_edge_sweep_mss: name 'StructureDetector' is not defined
2026-05-30 23:36:41,944 - strategy_builder.backtest.condition_registry - ERROR - Error evaluating condition institutional_edge_sweep_mss: name 'StructureDetector' is not defined
2026-05-30 23:36:41,945 - strategy_builder.backtest.condition_registry - ERROR - Error evaluating condition institutional_edge_sweep_mss: name 'StructureDetector' is not defined
2026-05-30 23:36:41,945 - strategy_builder.backtest.condition_registry - ERROR - Error evaluating condition institutional_edge_sweep_mss: name 'StructureDetector' is not defined
2026-05-30 23:36:41,946 - strategy_builder.backtest.condition_registry - ERROR - Error evaluating condition institutional_edge_sweep_mss: name 'StructureDetector' is not defined
2026-05-30 23:36:41,946 - strategy_builder.backtest.condition_registry - ERROR - Error evaluating condition institutional_edge_sweep_mss: name 'StructureDetector' is not defined
2026-05-30 23:36:41,946 - strategy_builder.backtest.condition_registry - ERROR - Error evaluating condition institutional_edge_sweep_mss: name 'StructureDetector' is not defined
2026-05-30 23:36:41,946 - strategy_builder.backtest.condition_registry - ERROR - Error evaluating condition institutional_edge_sweep_mss: name 'StructureDetector' is not defined
2026-05-30 23:36:41,947 - strategy_builder.backtest.condition_registry - ERROR - Error evaluating condition institutional_edge_sweep_mss: name 'StructureDetector' is not defined
2026-05-30 23:36:41,947 - strategy_builder.backtest.condition_registry - ERROR - Error evaluating condition institutional_edge_sweep_mss: name 'StructureDetector' is not defined
2026-05-30 23:36:41,948 - strategy_builder.backtest.condition_registry - ERROR - Error evaluating condition institutional_edge_sweep_mss: name 'StructureDetector' is not defined
2026-05-30 23:36:41,948 - strategy_builder.backtest.condition_registry - ERROR - Error evaluating condition institutional_edge_sweep_mss: name 'StructureDetector' is not defined
2026-05-30 23:36:41,949 - strategy_builder.backtest.condition_registry - ERROR - Error evaluating condition institutional_edge_sweep_mss: name 'StructureDetector' is not defined
2026-05-30 23:36:41,949 - strategy_builder.backtest.condition_registry - ERROR - Error evaluating condition institutional_edge_sweep_mss: name 'StructureDetector' is not defined
2026-05-30 23:36:41,950 - strategy_builder.backtest.condition_registry - ERROR - Error evaluating condition institutional_edge_sweep_mss: name 'StructureDetector' is not defined
2026-05-30 23:36:41,950 - strategy_builder.backtest.condition_registry - ERROR - Error evaluating condition institutional_edge_sweep_mss: name 'StructureDetector' is not defined
2026-05-30 23:36:41,951 - strategy_builder.backtest.condition_registry - ERROR - Error evaluating condition institutional_edge_sweep_mss: name 'StructureDetector' is not defined
2026-05-30 23:36:41,951 - strategy_builder.backtest.condition_registry - ERROR - Error evaluating condition institutional_edge_sweep_mss: name 'StructureDetector' is not defined
2026-05-30 23:36:41,952 - strategy_builder.backtest.condition_registry - ERROR - Error evaluating condition institutional_edge_sweep_mss: name 'StructureDetector' is not defined
2026-05-30 23:36:41,952 - strategy_builder.backtest.condition_registry - ERROR - Error evaluating condition institutional_edge_sweep_mss: name 'StructureDetector' is not defined
2026-05-30 23:36:41,954 - strategy_builder.backtest.condition_registry - ERROR - Error evaluating condition institutional_edge_sweep_mss: name 'StructureDetector' is not defined
2026-05-30 23:36:41,954 - strategy_builder.backtest.condition_registry - ERROR - Error evaluating condition institutional_edge_sweep_mss: name 'StructureDetector' is not defined
2026-05-30 23:36:41,954 - strategy_builder.backtest.condition_registry - ERROR - Error evaluating condition institutional_edge_sweep_mss: name 'StructureDetector' is not defined
2026-05-30 23:36:41,954 - strategy_builder.backtest.condition_registry - ERROR - Error evaluating condition institutional_edge_sweep_mss: name 'StructureDetector' is not defined
2026-05-30 23:36:41,955 - strategy_builder.backtest.condition_registry - ERROR - Error evaluating condition institutional_edge_sweep_mss: name 'StructureDetector' is not defined
2026-05-30 23:36:41,955 - strategy_builder.backtest.condition_registry - ERROR - Error evaluating condition institutional_edge_sweep_mss: name 'StructureDetector' is not defined
2026-05-30 23:36:41,956 - strategy_builder.backtest.condition_registry - ERROR - Error evaluating condition institutional_edge_sweep_mss: name 'StructureDetector' is not defined
2026-05-30 23:36:41,956 - strategy_builder.backtest.condition_registry - ERROR - Error evaluating condition institutional_edge_sweep_mss: name 'StructureDetector' is not defined
2026-05-30 23:36:41,957 - strategy_builder.backtest.condition_registry - ERROR - Error evaluating condition institutional_edge_sweep_mss: name 'StructureDetector' is not defined
2026-05-30 23:36:41,957 - strategy_builder.backtest.condition_registry - ERROR - Error evaluating condition institutional_edge_sweep_mss: name 'StructureDetector' is not defined
2026-05-30 23:36:41,958 - strategy_builder.backtest.condition_registry - ERROR - Error evaluating condition institutional_edge_sweep_mss: name 'StructureDetector' is not defined
2026-05-30 23:36:41,958 - strategy_builder.backtest.condition_registry - ERROR - Error evaluating condition institutional_edge_sweep_mss: name 'StructureDetector' is not defined
2026-05-30 23:36:41,958 - strategy_builder.backtest.condition_registry - ERROR - Error evaluating condition institutional_edge_sweep_mss: name 'StructureDetector' is not defined
2026-05-30 23:36:41,958 - strategy_builder.backtest.condition_registry - ERROR - Error evaluating condition institutional_edge_sweep_mss: name 'StructureDetector' is not defined
2026-05-30 23:36:41,959 - strategy_builder.backtest.condition_registry - ERROR - Error evaluating condition institutional_edge_sweep_mss: name 'StructureDetector' is not defined
2026-05-30 23:36:41,959 - strategy_builder.backtest.condition_registry - ERROR - Error evaluating condition institutional_edge_sweep_mss: name 'StructureDetector' is not defined
2026-05-30 23:36:41,960 - strategy_builder.backtest.condition_registry - ERROR - Error evaluating condition institutional_edge_sweep_mss: name 'StructureDetector' is not defined
2026-05-30 23:36:41,960 - strategy_builder.backtest.condition_registry - ERROR - Error evaluating condition institutional_edge_sweep_mss: name 'StructureDetector' is not defined
2026-05-30 23:36:41,961 - strategy_builder.backtest.condition_registry - ERROR - Error evaluating condition institutional_edge_sweep_mss: name 'StructureDetector' is not defined
2026-05-30 23:36:41,961 - strategy_builder.backtest.condition_registry - ERROR - Error evaluating condition institutional_edge_sweep_mss: name 'StructureDetector' is not defined
2026-05-30 23:36:41,963 - strategy_builder.backtest.condition_registry - ERROR - Error evaluating condition institutional_edge_sweep_mss: name 'StructureDetector' is not defined
2026-05-30 23:36:41,963 - strategy_builder.backtest.condition_registry - ERROR - Error evaluating condition institutional_edge_sweep_mss: name 'StructureDetector' is not defined
2026-05-30 23:36:41,965 - strategy_builder.backtest.condition_registry - ERROR - Error evaluating condition institutional_edge_sweep_mss: name 'StructureDetector' is not defined
2026-05-30 23:36:41,965 - strategy_builder.backtest.condition_registry - ERROR - Error evaluating condition institutional_edge_sweep_mss: name 'StructureDetector' is not defined
2026-05-30 23:36:41,966 - strategy_builder.backtest.condition_registry - ERROR - Error evaluating condition institutional_edge_sweep_mss: name 'StructureDetector' is not defined
2026-05-30 23:36:41,966 - strategy_builder.backtest.condition_registry - ERROR - Error evaluating condition institutional_edge_sweep_mss: name 'StructureDetector' is not defined
2026-05-30 23:36:41,967 - strategy_builder.backtest.condition_registry - ERROR - Error evaluating condition institutional_edge_sweep_mss: name 'StructureDetector' is not defined
2026-05-30 23:36:41,967 - strategy_builder.backtest.condition_registry - ERROR - Error evaluating condition institutional_edge_sweep_mss: name 'StructureDetector' is not defined
2026-05-30 23:36:41,968 - strategy_builder.backtest.condition_registry - ERROR - Error evaluating condition institutional_edge_sweep_mss: name 'StructureDetector' is not defined
2026-05-30 23:36:41,968 - strategy_builder.backtest.condition_registry - ERROR - Error evaluating condition institutional_edge_sweep_mss: name 'StructureDetector' is not defined
2026-05-30 23:36:41,969 - strategy_builder.backtest.condition_registry - ERROR - Error evaluating condition institutional_edge_sweep_mss: name 'StructureDetector' is not defined
2026-05-30 23:36:41,969 - strategy_builder.backtest.condition_registry - ERROR - Error evaluating condition institutional_edge_sweep_mss: name 'StructureDetector' is not defined
2026-05-30 23:36:41,970 - strategy_builder.backtest.condition_registry - ERROR - Error evaluating condition institutional_edge_sweep_mss: name 'StructureDetector' is not defined
2026-05-30 23:36:41,970 - strategy_builder.backtest.condition_registry - ERROR - Error evaluating condition institutional_edge_sweep_mss: name 'StructureDetector' is not defined
2026-05-30 23:36:41,971 - strategy_builder.backtest.condition_registry - ERROR - Error evaluating condition institutional_edge_sweep_mss: name 'StructureDetector' is not defined
2026-05-30 23:36:41,971 - strategy_builder.backtest.condition_registry - ERROR - Error evaluating condition institutional_edge_sweep_mss: name 'StructureDetector' is not defined
2026-05-30 23:36:41,972 - strategy_builder.backtest.condition_registry - ERROR - Error evaluating condition institutional_edge_sweep_mss: name 'StructureDetector' is not defined
2026-05-30 23:36:41,972 - strategy_builder.backtest.condition_registry - ERROR - Error evaluating condition institutional_edge_sweep_mss: name 'StructureDetector' is not defined
2026-05-30 23:36:41,973 - strategy_builder.backtest.condition_registry - ERROR - Error evaluating condition institutional_edge_sweep_mss: name 'StructureDetector' is not defined
2026-05-30 23:36:41,973 - strategy_builder.backtest.condition_registry - ERROR - Error evaluating condition institutional_edge_sweep_mss: name 'StructureDetector' is not defined
2026-05-30 23:36:41,973 - strategy_builder.backtest.condition_registry - ERROR - Error evaluating condition institutional_edge_sweep_mss: name 'StructureDetector' is not defined
2026-05-30 23:36:41,973 - strategy_builder.backtest.condition_registry - ERROR - Error evaluating condition institutional_edge_sweep_mss: name 'StructureDetector' is not defined
2026-05-30 23:36:41,974 - strategy_builder.backtest.condition_registry - ERROR - Error evaluating condition institutional_edge_sweep_mss: name 'StructureDetector' is not defined
2026-05-30 23:36:41,974 - strategy_builder.backtest.condition_registry - ERROR - Error evaluating condition institutional_edge_sweep_mss: name 'StructureDetector' is not defined
2026-05-30 23:36:41,975 - strategy_builder.backtest.condition_registry - ERROR - Error evaluating condition institutional_edge_sweep_mss: name 'StructureDetector' is not defined
2026-05-30 23:36:41,975 - strategy_builder.backtest.condition_registry - ERROR - Error evaluating condition institutional_edge_sweep_mss: name 'StructureDetector' is not defined
2026-05-30 23:36:41,976 - strategy_builder.backtest.condition_registry - ERROR - Error evaluating condition institutional_edge_sweep_mss: name 'StructureDetector' is not defined
2026-05-30 23:36:41,976 - strategy_builder.backtest.condition_registry - ERROR - Error evaluating condition institutional_edge_sweep_mss: name 'StructureDetector' is not defined
2026-05-30 23:36:41,977 - strategy_builder.backtest.condition_registry - ERROR - Error evaluating condition institutional_edge_sweep_mss: name 'StructureDetector' is not defined
2026-05-30 23:36:41,977 - strategy_builder.backtest.condition_registry - ERROR - Error evaluating condition institutional_edge_sweep_mss: name 'StructureDetector' is not defined
2026-05-30 23:36:41,977 - strategy_builder.backtest.condition_registry - ERROR - Error evaluating condition institutional_edge_sweep_mss: name 'StructureDetector' is not defined
2026-05-30 23:36:41,977 - strategy_builder.backtest.condition_registry - ERROR - Error evaluating condition institutional_edge_sweep_mss: name 'StructureDetector' is not defined
2026-05-30 23:36:41,978 - strategy_builder.backtest.condition_registry - ERROR - Error evaluating condition institutional_edge_sweep_mss: name 'StructureDetector' is not defined
2026-05-30 23:36:41,978 - strategy_builder.backtest.condition_registry - ERROR - Error evaluating condition institutional_edge_sweep_mss: name 'StructureDetector' is not defined
2026-05-30 23:36:41,979 - strategy_builder.backtest.condition_registry - ERROR - Error evaluating condition institutional_edge_sweep_mss: name 'StructureDetector' is not defined
2026-05-30 23:36:41,979 - strategy_builder.backtest.condition_registry - ERROR - Error evaluating condition institutional_edge_sweep_mss: name 'StructureDetector' is not defined
2026-05-30 23:36:41,980 - strategy_builder.backtest.condition_registry - ERROR - Error evaluating condition institutional_edge_sweep_mss: name 'StructureDetector' is not defined
2026-05-30 23:36:41,980 - strategy_builder.backtest.condition_registry - ERROR - Error evaluating condition institutional_edge_sweep_mss: name 'StructureDetector' is not defined
2026-05-30 23:36:41,981 - strategy_builder.backtest.condition_registry - ERROR - Error evaluating condition institutional_edge_sweep_mss: name 'StructureDetector' is not defined
2026-05-30 23:36:41,981 - strategy_builder.backtest.condition_registry - ERROR - Error evaluating condition institutional_edge_sweep_mss: name 'StructureDetector' is not defined
2026-05-30 23:36:41,983 - strategy_builder.backtest.condition_registry - ERROR - Error evaluating condition institutional_edge_sweep_mss: name 'StructureDetector' is not defined
2026-05-30 23:36:41,983 - strategy_builder.backtest.condition_registry - ERROR - Error evaluating condition institutional_edge_sweep_mss: name 'StructureDetector' is not defined
2026-05-30 23:36:41,984 - strategy_builder.backtest.condition_registry - ERROR - Error evaluating condition institutional_edge_sweep_mss: name 'StructureDetector' is not defined
2026-05-30 23:36:41,984 - strategy_builder.backtest.condition_registry - ERROR - Error evaluating condition institutional_edge_sweep_mss: name 'StructureDetector' is not defined
2026-05-30 23:36:41,985 - strategy_builder.backtest.condition_registry - ERROR - Error evaluating condition institutional_edge_sweep_mss: name 'StructureDetector' is not defined
2026-05-30 23:36:41,985 - strategy_builder.backtest.condition_registry - ERROR - Error evaluating condition institutional_edge_sweep_mss: name 'StructureDetector' is not defined
2026-05-30 23:36:41,986 - strategy_builder.backtest.condition_registry - ERROR - Error evaluating condition institutional_edge_sweep_mss: name 'StructureDetector' is not defined
2026-05-30 23:36:41,986 - strategy_builder.backtest.condition_registry - ERROR - Error evaluating condition institutional_edge_sweep_mss: name 'StructureDetector' is not defined
2026-05-30 23:36:41,987 - strategy_builder.backtest.condition_registry - ERROR - Error evaluating condition institutional_edge_sweep_mss: name 'StructureDetector' is not defined
2026-05-30 23:36:41,987 - strategy_builder.backtest.condition_registry - ERROR - Error evaluating condition institutional_edge_sweep_mss: name 'StructureDetector' is not defined
2026-05-30 23:36:41,988 - strategy_builder.backtest.condition_registry - ERROR - Error evaluating condition institutional_edge_sweep_mss: name 'StructureDetector' is not defined
2026-05-30 23:36:41,988 - strategy_builder.backtest.condition_registry - ERROR - Error evaluating condition institutional_edge_sweep_mss: name 'StructureDetector' is not defined
2026-05-30 23:36:41,990 - strategy_builder.backtest.condition_registry - ERROR - Error evaluating condition institutional_edge_sweep_mss: name 'StructureDetector' is not defined
2026-05-30 23:36:41,990 - strategy_builder.backtest.condition_registry - ERROR - Error evaluating condition institutional_edge_sweep_mss: name 'StructureDetector' is not defined
2026-05-30 23:36:41,991 - strategy_builder.backtest.condition_registry - ERROR - Error evaluating condition institutional_edge_sweep_mss: name 'StructureDetector' is not defined
2026-05-30 23:36:41,991 - strategy_builder.backtest.condition_registry - ERROR - Error evaluating condition institutional_edge_sweep_mss: name 'StructureDetector' is not defined
2026-05-30 23:36:41,992 - strategy_builder.backtest.condition_registry - ERROR - Error evaluating condition institutional_edge_sweep_mss: name 'StructureDetector' is not defined
2026-05-30 23:36:41,992 - strategy_builder.backtest.condition_registry - ERROR - Error evaluating condition institutional_edge_sweep_mss: name 'StructureDetector' is not defined
2026-05-30 23:36:41,993 - strategy_builder.backtest.condition_registry - ERROR - Error evaluating condition institutional_edge_sweep_mss: name 'StructureDetector' is not defined
2026-05-30 23:36:41,993 - strategy_builder.backtest.condition_registry - ERROR - Error evaluating condition institutional_edge_sweep_mss: name 'StructureDetector' is not defined
2026-05-30 23:36:41,994 - strategy_builder.backtest.condition_registry - ERROR - Error evaluating condition institutional_edge_sweep_mss: name 'StructureDetector' is not defined
2026-05-30 23:36:41,994 - strategy_builder.backtest.condition_registry - ERROR - Error evaluating condition institutional_edge_sweep_mss: name 'StructureDetector' is not defined
2026-05-30 23:36:41,995 - strategy_builder.backtest.condition_registry - ERROR - Error evaluating condition institutional_edge_sweep_mss: name 'StructureDetector' is not defined
2026-05-30 23:36:41,995 - strategy_builder.backtest.condition_registry - ERROR - Error evaluating condition institutional_edge_sweep_mss: name 'StructureDetector' is not defined
2026-05-30 23:36:41,996 - strategy_builder.backtest.condition_registry - ERROR - Error evaluating condition institutional_edge_sweep_mss: name 'StructureDetector' is not defined
2026-05-30 23:36:41,996 - strategy_builder.backtest.condition_registry - ERROR - Error evaluating condition institutional_edge_sweep_mss: name 'StructureDetector' is not defined
2026-05-30 23:36:41,997 - strategy_builder.backtest.condition_registry - ERROR - Error evaluating condition institutional_edge_sweep_mss: name 'StructureDetector' is not defined
2026-05-30 23:36:41,997 - strategy_builder.backtest.condition_registry - ERROR - Error evaluating condition institutional_edge_sweep_mss: name 'StructureDetector' is not defined
2026-05-30 23:36:41,998 - strategy_builder.backtest.condition_registry - ERROR - Error evaluating condition institutional_edge_sweep_mss: name 'StructureDetector' is not defined
2026-05-30 23:36:41,998 - strategy_builder.backtest.condition_registry - ERROR - Error evaluating condition institutional_edge_sweep_mss: name 'StructureDetector' is not defined
2026-05-30 23:36:41,999 - strategy_builder.backtest.condition_registry - ERROR - Error evaluating condition institutional_edge_sweep_mss: name 'StructureDetector' is not defined
2026-05-30 23:36:41,999 - strategy_builder.backtest.condition_registry - ERROR - Error evaluating condition institutional_edge_sweep_mss: name 'StructureDetector' is not defined
2026-05-30 23:36:42,000 - strategy_builder.backtest.condition_registry - ERROR - Error evaluating condition institutional_edge_sweep_mss: name 'StructureDetector' is not defined
2026-05-30 23:36:42,000 - strategy_builder.backtest.condition_registry - ERROR - Error evaluating condition institutional_edge_sweep_mss: name 'StructureDetector' is not defined
2026-05-30 23:36:42,001 - strategy_builder.backtest.condition_registry - ERROR - Error evaluating condition institutional_edge_sweep_mss: name 'StructureDetector' is not defined
2026-05-30 23:36:42,001 - strategy_builder.backtest.condition_registry - ERROR - Error evaluating condition institutional_edge_sweep_mss: name 'StructureDetector' is not defined
2026-05-30 23:36:42,002 - strategy_builder.backtest.condition_registry - ERROR - Error evaluating condition institutional_edge_sweep_mss: name 'StructureDetector' is not defined
2026-05-30 23:36:42,002 - strategy_builder.backtest.condition_registry - ERROR - Error evaluating condition institutional_edge_sweep_mss: name 'StructureDetector' is not defined
2026-05-30 23:36:42,004 - strategy_builder.backtest.condition_registry - ERROR - Error evaluating condition institutional_edge_sweep_mss: name 'StructureDetector' is not defined
2026-05-30 23:36:42,004 - strategy_builder.backtest.condition_registry - ERROR - Error evaluating condition institutional_edge_sweep_mss: name 'StructureDetector' is not defined
2026-05-30 23:36:42,005 - strategy_builder.backtest.condition_registry - ERROR - Error evaluating condition institutional_edge_sweep_mss: name 'StructureDetector' is not defined
2026-05-30 23:36:42,005 - strategy_builder.backtest.condition_registry - ERROR - Error evaluating condition institutional_edge_sweep_mss: name 'StructureDetector' is not defined
2026-05-30 23:36:42,006 - strategy_builder.backtest.condition_registry - ERROR - Error evaluating condition institutional_edge_sweep_mss: name 'StructureDetector' is not defined
2026-05-30 23:36:42,006 - strategy_builder.backtest.condition_registry - ERROR - Error evaluating condition institutional_edge_sweep_mss: name 'StructureDetector' is not defined
2026-05-30 23:36:42,007 - strategy_builder.backtest.condition_registry - ERROR - Error evaluating condition institutional_edge_sweep_mss: name 'StructureDetector' is not defined
2026-05-30 23:36:42,007 - strategy_builder.backtest.condition_registry - ERROR - Error evaluating condition institutional_edge_sweep_mss: name 'StructureDetector' is not defined
2026-05-30 23:36:42,008 - strategy_builder.backtest.condition_registry - ERROR - Error evaluating condition institutional_edge_sweep_mss: name 'StructureDetector' is not defined
2026-05-30 23:36:42,008 - strategy_builder.backtest.condition_registry - ERROR - Error evaluating condition institutional_edge_sweep_mss: name 'StructureDetector' is not defined
2026-05-30 23:36:42,009 - strategy_builder.backtest.condition_registry - ERROR - Error evaluating condition institutional_edge_sweep_mss: name 'StructureDetector' is not defined
2026-05-30 23:36:42,009 - strategy_builder.backtest.condition_registry - ERROR - Error evaluating condition institutional_edge_sweep_mss: name 'StructureDetector' is not defined
2026-05-30 23:36:42,010 - strategy_builder.backtest.condition_registry - ERROR - Error evaluating condition institutional_edge_sweep_mss: name 'StructureDetector' is not defined
2026-05-30 23:36:42,010 - strategy_builder.backtest.condition_registry - ERROR - Error evaluating condition institutional_edge_sweep_mss: name 'StructureDetector' is not defined
2026-05-30 23:36:42,011 - strategy_builder.backtest.condition_registry - ERROR - Error evaluating condition institutional_edge_sweep_mss: name 'StructureDetector' is not defined
2026-05-30 23:36:42,011 - strategy_builder.backtest.condition_registry - ERROR - Error evaluating condition institutional_edge_sweep_mss: name 'StructureDetector' is not defined
2026-05-30 23:36:42,012 - strategy_builder.backtest.condition_registry - ERROR - Error evaluating condition institutional_edge_sweep_mss: name 'StructureDetector' is not defined
2026-05-30 23:36:42,012 - strategy_builder.backtest.condition_registry - ERROR - Error evaluating condition institutional_edge_sweep_mss: name 'StructureDetector' is not defined
2026-05-30 23:36:42,013 - strategy_builder.backtest.condition_registry - ERROR - Error evaluating condition institutional_edge_sweep_mss: name 'StructureDetector' is not defined
2026-05-30 23:36:42,013 - strategy_builder.backtest.condition_registry - ERROR - Error evaluating condition institutional_edge_sweep_mss: name 'StructureDetector' is not defined
2026-05-30 23:36:42,014 - strategy_builder.backtest.condition_registry - ERROR - Error evaluating condition institutional_edge_sweep_mss: name 'StructureDetector' is not defined
2026-05-30 23:36:42,014 - strategy_builder.backtest.condition_registry - ERROR - Error evaluating condition institutional_edge_sweep_mss: name 'StructureDetector' is not defined
2026-05-30 23:36:42,015 - strategy_builder.backtest.condition_registry - ERROR - Error evaluating condition institutional_edge_sweep_mss: name 'StructureDetector' is not defined
2026-05-30 23:36:42,015 - strategy_builder.backtest.condition_registry - ERROR - Error evaluating condition institutional_edge_sweep_mss: name 'StructureDetector' is not defined
2026-05-30 23:36:42,016 - strategy_builder.backtest.condition_registry - ERROR - Error evaluating condition institutional_edge_sweep_mss: name 'StructureDetector' is not defined
2026-05-30 23:36:42,016 - strategy_builder.backtest.condition_registry - ERROR - Error evaluating condition institutional_edge_sweep_mss: name 'StructureDetector' is not defined
2026-05-30 23:36:42,018 - strategy_builder.backtest.condition_registry - ERROR - Error evaluating condition institutional_edge_sweep_mss: name 'StructureDetector' is not defined
2026-05-30 23:36:42,018 - strategy_builder.backtest.condition_registry - ERROR - Error evaluating condition institutional_edge_sweep_mss: name 'StructureDetector' is not defined
2026-05-30 23:36:42,019 - strategy_builder.backtest.condition_registry - ERROR - Error evaluating condition institutional_edge_sweep_mss: name 'StructureDetector' is not defined
2026-05-30 23:36:42,019 - strategy_builder.backtest.condition_registry - ERROR - Error evaluating condition institutional_edge_sweep_mss: name 'StructureDetector' is not defined
2026-05-30 23:36:42,020 - strategy_builder.backtest.condition_registry - ERROR - Error evaluating condition institutional_edge_sweep_mss: name 'StructureDetector' is not defined
2026-05-30 23:36:42,020 - strategy_builder.backtest.condition_registry - ERROR - Error evaluating condition institutional_edge_sweep_mss: name 'StructureDetector' is not defined
2026-05-30 23:36:42,021 - strategy_builder.backtest.condition_registry - ERROR - Error evaluating condition institutional_edge_sweep_mss: name 'StructureDetector' is not defined
2026-05-30 23:36:42,021 - strategy_builder.backtest.condition_registry - ERROR - Error evaluating condition institutional_edge_sweep_mss: name 'StructureDetector' is not defined
2026-05-30 23:36:42,022 - strategy_builder.backtest.condition_registry - ERROR - Error evaluating condition institutional_edge_sweep_mss: name 'StructureDetector' is not defined
2026-05-30 23:36:42,022 - strategy_builder.backtest.condition_registry - ERROR - Error evaluating condition institutional_edge_sweep_mss: name 'StructureDetector' is not defined
2026-05-30 23:36:42,023 - strategy_builder.backtest.condition_registry - ERROR - Error evaluating condition institutional_edge_sweep_mss: name 'StructureDetector' is not defined
2026-05-30 23:36:42,023 - strategy_builder.backtest.condition_registry - ERROR - Error evaluating condition institutional_edge_sweep_mss: name 'StructureDetector' is not defined
2026-05-30 23:36:42,024 - strategy_builder.backtest.condition_registry - ERROR - Error evaluating condition institutional_edge_sweep_mss: name 'StructureDetector' is not defined
2026-05-30 23:36:42,024 - strategy_builder.backtest.condition_registry - ERROR - Error evaluating condition institutional_edge_sweep_mss: name 'StructureDetector' is not defined
2026-05-30 23:36:42,026 - strategy_builder.backtest.condition_registry - ERROR - Error evaluating condition institutional_edge_sweep_mss: name 'StructureDetector' is not defined
2026-05-30 23:36:42,026 - strategy_builder.backtest.condition_registry - ERROR - Error evaluating condition institutional_edge_sweep_mss: name 'StructureDetector' is not defined
2026-05-30 23:36:42,026 - strategy_builder.backtest.condition_registry - ERROR - Error evaluating condition institutional_edge_sweep_mss: name 'StructureDetector' is not defined
2026-05-30 23:36:42,026 - strategy_builder.backtest.condition_registry - ERROR - Error evaluating condition institutional_edge_sweep_mss: name 'StructureDetector' is not defined
2026-05-30 23:36:42,027 - strategy_builder.backtest.condition_registry - ERROR - Error evaluating condition institutional_edge_sweep_mss: name 'StructureDetector' is not defined
2026-05-30 23:36:42,027 - strategy_builder.backtest.condition_registry - ERROR - Error evaluating condition institutional_edge_sweep_mss: name 'StructureDetector' is not defined
2026-05-30 23:36:42,028 - strategy_builder.backtest.condition_registry - ERROR - Error evaluating condition institutional_edge_sweep_mss: name 'StructureDetector' is not defined
2026-05-30 23:36:42,028 - strategy_builder.backtest.condition_registry - ERROR - Error evaluating condition institutional_edge_sweep_mss: name 'StructureDetector' is not defined
2026-05-30 23:36:42,029 - strategy_builder.backtest.condition_registry - ERROR - Error evaluating condition institutional_edge_sweep_mss: name 'StructureDetector' is not defined
2026-05-30 23:36:42,029 - strategy_builder.backtest.condition_registry - ERROR - Error evaluating condition institutional_edge_sweep_mss: name 'StructureDetector' is not defined
2026-05-30 23:36:42,030 - strategy_builder.backtest.condition_registry - ERROR - Error evaluating condition institutional_edge_sweep_mss: name 'StructureDetector' is not defined
2026-05-30 23:36:42,030 - strategy_builder.backtest.condition_registry - ERROR - Error evaluating condition institutional_edge_sweep_mss: name 'StructureDetector' is not defined
2026-05-30 23:36:42,030 - strategy_builder.backtest.condition_registry - ERROR - Error evaluating condition institutional_edge_sweep_mss: name 'StructureDetector' is not defined
2026-05-30 23:36:42,030 - strategy_builder.backtest.condition_registry - ERROR - Error evaluating condition institutional_edge_sweep_mss: name 'StructureDetector' is not defined
2026-05-30 23:36:42,031 - strategy_builder.backtest.condition_registry - ERROR - Error evaluating condition institutional_edge_sweep_mss: name 'StructureDetector' is not defined
2026-05-30 23:36:42,031 - strategy_builder.backtest.condition_registry - ERROR - Error evaluating condition institutional_edge_sweep_mss: name 'StructureDetector' is not defined
2026-05-30 23:36:42,032 - strategy_builder.backtest.condition_registry - ERROR - Error evaluating condition institutional_edge_sweep_mss: name 'StructureDetector' is not defined
2026-05-30 23:36:42,032 - strategy_builder.backtest.condition_registry - ERROR - Error evaluating condition institutional_edge_sweep_mss: name 'StructureDetector' is not defined
2026-05-30 23:36:42,034 - strategy_builder.backtest.condition_registry - ERROR - Error evaluating condition institutional_edge_sweep_mss: name 'StructureDetector' is not defined
2026-05-30 23:36:42,034 - strategy_builder.backtest.condition_registry - ERROR - Error evaluating condition institutional_edge_sweep_mss: name 'StructureDetector' is not defined
2026-05-30 23:36:42,035 - strategy_builder.backtest.condition_registry - ERROR - Error evaluating condition institutional_edge_sweep_mss: name 'StructureDetector' is not defined
2026-05-30 23:36:42,035 - strategy_builder.backtest.condition_registry - ERROR - Error evaluating condition institutional_edge_sweep_mss: name 'StructureDetector' is not defined
2026-05-30 23:36:42,036 - strategy_builder.backtest.condition_registry - ERROR - Error evaluating condition institutional_edge_sweep_mss: name 'StructureDetector' is not defined
2026-05-30 23:36:42,036 - strategy_builder.backtest.condition_registry - ERROR - Error evaluating condition institutional_edge_sweep_mss: name 'StructureDetector' is not defined
2026-05-30 23:36:42,038 - strategy_builder.backtest.condition_registry - ERROR - Error evaluating condition institutional_edge_sweep_mss: name 'StructureDetector' is not defined
2026-05-30 23:36:42,038 - strategy_builder.backtest.condition_registry - ERROR - Error evaluating condition institutional_edge_sweep_mss: name 'StructureDetector' is not defined
2026-05-30 23:36:42,039 - strategy_builder.backtest.condition_registry - ERROR - Error evaluating condition institutional_edge_sweep_mss: name 'StructureDetector' is not defined
2026-05-30 23:36:42,039 - strategy_builder.backtest.condition_registry - ERROR - Error evaluating condition institutional_edge_sweep_mss: name 'StructureDetector' is not defined
2026-05-30 23:36:42,040 - strategy_builder.backtest.condition_registry - ERROR - Error evaluating condition institutional_edge_sweep_mss: name 'StructureDetector' is not defined
2026-05-30 23:36:42,040 - strategy_builder.backtest.condition_registry - ERROR - Error evaluating condition institutional_edge_sweep_mss: name 'StructureDetector' is not defined
2026-05-30 23:36:42,041 - strategy_builder.backtest.condition_registry - ERROR - Error evaluating condition institutional_edge_sweep_mss: name 'StructureDetector' is not defined
2026-05-30 23:36:42,041 - strategy_builder.backtest.condition_registry - ERROR - Error evaluating condition institutional_edge_sweep_mss: name 'StructureDetector' is not defined
2026-05-30 23:36:42,043 - strategy_builder.backtest.condition_registry - ERROR - Error evaluating condition institutional_edge_sweep_mss: name 'StructureDetector' is not defined
2026-05-30 23:36:42,043 - strategy_builder.backtest.condition_registry - ERROR - Error evaluating condition institutional_edge_sweep_mss: name 'StructureDetector' is not defined
2026-05-30 23:36:42,044 - strategy_builder.backtest.condition_registry - ERROR - Error evaluating condition institutional_edge_sweep_mss: name 'StructureDetector' is not defined
2026-05-30 23:36:42,044 - strategy_builder.backtest.condition_registry - ERROR - Error evaluating condition institutional_edge_sweep_mss: name 'StructureDetector' is not defined
2026-05-30 23:36:42,045 - strategy_builder.backtest.condition_registry - ERROR - Error evaluating condition institutional_edge_sweep_mss: name 'StructureDetector' is not defined
2026-05-30 23:36:42,045 - strategy_builder.backtest.condition_registry - ERROR - Error evaluating condition institutional_edge_sweep_mss: name 'StructureDetector' is not defined
2026-05-30 23:36:42,045 - strategy_builder.backtest.condition_registry - ERROR - Error evaluating condition institutional_edge_sweep_mss: name 'StructureDetector' is not defined
2026-05-30 23:36:42,045 - strategy_builder.backtest.condition_registry - ERROR - Error evaluating condition institutional_edge_sweep_mss: name 'StructureDetector' is not defined
2026-05-30 23:36:42,047 - strategy_builder.backtest.condition_registry - ERROR - Error evaluating condition institutional_edge_sweep_mss: name 'StructureDetector' is not defined
2026-05-30 23:36:42,047 - strategy_builder.backtest.condition_registry - ERROR - Error evaluating condition institutional_edge_sweep_mss: name 'StructureDetector' is not defined
2026-05-30 23:36:42,048 - strategy_builder.backtest.condition_registry - ERROR - Error evaluating condition institutional_edge_sweep_mss: name 'StructureDetector' is not defined
2026-05-30 23:36:42,048 - strategy_builder.backtest.condition_registry - ERROR - Error evaluating condition institutional_edge_sweep_mss: name 'StructureDetector' is not defined
2026-05-30 23:36:42,048 - strategy_builder.backtest.condition_registry - ERROR - Error evaluating condition institutional_edge_sweep_mss: name 'StructureDetector' is not defined
2026-05-30 23:36:42,048 - strategy_builder.backtest.condition_registry - ERROR - Error evaluating condition institutional_edge_sweep_mss: name 'StructureDetector' is not defined
2026-05-30 23:36:42,049 - strategy_builder.backtest.condition_registry - ERROR - Error evaluating condition institutional_edge_sweep_mss: name 'StructureDetector' is not defined
2026-05-30 23:36:42,049 - strategy_builder.backtest.condition_registry - ERROR - Error evaluating condition institutional_edge_sweep_mss: name 'StructureDetector' is not defined
2026-05-30 23:36:42,050 - strategy_builder.backtest.condition_registry - ERROR - Error evaluating condition institutional_edge_sweep_mss: name 'StructureDetector' is not defined
2026-05-30 23:36:42,050 - strategy_builder.backtest.condition_registry - ERROR - Error evaluating condition institutional_edge_sweep_mss: name 'StructureDetector' is not defined
2026-05-30 23:36:42,051 - strategy_builder.backtest.condition_registry - ERROR - Error evaluating condition institutional_edge_sweep_mss: name 'StructureDetector' is not defined
2026-05-30 23:36:42,051 - strategy_builder.backtest.condition_registry - ERROR - Error evaluating condition institutional_edge_sweep_mss: name 'StructureDetector' is not defined
2026-05-30 23:36:42,052 - strategy_builder.backtest.condition_registry - ERROR - Error evaluating condition institutional_edge_sweep_mss: name 'StructureDetector' is not defined
2026-05-30 23:36:42,052 - strategy_builder.backtest.condition_registry - ERROR - Error evaluating condition institutional_edge_sweep_mss: name 'StructureDetector' is not defined
2026-05-30 23:36:42,052 - strategy_builder.backtest.condition_registry - ERROR - Error evaluating condition institutional_edge_sweep_mss: name 'StructureDetector' is not defined
2026-05-30 23:36:42,052 - strategy_builder.backtest.condition_registry - ERROR - Error evaluating condition institutional_edge_sweep_mss: name 'StructureDetector' is not defined
2026-05-30 23:36:42,053 - strategy_builder.backtest.condition_registry - ERROR - Error evaluating condition institutional_edge_sweep_mss: name 'StructureDetector' is not defined
2026-05-30 23:36:42,053 - strategy_builder.backtest.condition_registry - ERROR - Error evaluating condition institutional_edge_sweep_mss: name 'StructureDetector' is not defined
2026-05-30 23:36:42,054 - strategy_builder.backtest.condition_registry - ERROR - Error evaluating condition institutional_edge_sweep_mss: name 'StructureDetector' is not defined
2026-05-30 23:36:42,054 - strategy_builder.backtest.condition_registry - ERROR - Error evaluating condition institutional_edge_sweep_mss: name 'StructureDetector' is not defined
2026-05-30 23:36:42,055 - strategy_builder.backtest.condition_registry - ERROR - Error evaluating condition institutional_edge_sweep_mss: name 'StructureDetector' is not defined
2026-05-30 23:36:42,055 - strategy_builder.backtest.condition_registry - ERROR - Error evaluating condition institutional_edge_sweep_mss: name 'StructureDetector' is not defined
2026-05-30 23:36:42,056 - strategy_builder.backtest.condition_registry - ERROR - Error evaluating condition institutional_edge_sweep_mss: name 'StructureDetector' is not defined
2026-05-30 23:36:42,056 - strategy_builder.backtest.condition_registry - ERROR - Error evaluating condition institutional_edge_sweep_mss: name 'StructureDetector' is not defined
2026-05-30 23:36:42,056 - strategy_builder.backtest.condition_registry - ERROR - Error evaluating condition institutional_edge_sweep_mss: name 'StructureDetector' is not defined
2026-05-30 23:36:42,056 - strategy_builder.backtest.condition_registry - ERROR - Error evaluating condition institutional_edge_sweep_mss: name 'StructureDetector' is not defined
2026-05-30 23:36:42,057 - strategy_builder.backtest.condition_registry - ERROR - Error evaluating condition institutional_edge_sweep_mss: name 'StructureDetector' is not defined
2026-05-30 23:36:42,057 - strategy_builder.backtest.condition_registry - ERROR - Error evaluating condition institutional_edge_sweep_mss: name 'StructureDetector' is not defined
2026-05-30 23:36:42,058 - strategy_builder.backtest.condition_registry - ERROR - Error evaluating condition institutional_edge_sweep_mss: name 'StructureDetector' is not defined
2026-05-30 23:36:42,058 - strategy_builder.backtest.condition_registry - ERROR - Error evaluating condition institutional_edge_sweep_mss: name 'StructureDetector' is not defined
2026-05-30 23:36:42,059 - strategy_builder.backtest.condition_registry - ERROR - Error evaluating condition institutional_edge_sweep_mss: name 'StructureDetector' is not defined
2026-05-30 23:36:42,059 - strategy_builder.backtest.condition_registry - ERROR - Error evaluating condition institutional_edge_sweep_mss: name 'StructureDetector' is not defined
2026-05-30 23:36:42,060 - strategy_builder.backtest.condition_registry - ERROR - Error evaluating condition institutional_edge_sweep_mss: name 'StructureDetector' is not defined
2026-05-30 23:36:42,060 - strategy_builder.backtest.condition_registry - ERROR - Error evaluating condition institutional_edge_sweep_mss: name 'StructureDetector' is not defined
2026-05-30 23:36:42,061 - strategy_builder.backtest.condition_registry - ERROR - Error evaluating condition institutional_edge_sweep_mss: name 'StructureDetector' is not defined
2026-05-30 23:36:42,061 - strategy_builder.backtest.condition_registry - ERROR - Error evaluating condition institutional_edge_sweep_mss: name 'StructureDetector' is not defined
2026-05-30 23:36:42,062 - strategy_builder.backtest.condition_registry - ERROR - Error evaluating condition institutional_edge_sweep_mss: name 'StructureDetector' is not defined
2026-05-30 23:36:42,062 - strategy_builder.backtest.condition_registry - ERROR - Error evaluating condition institutional_edge_sweep_mss: name 'StructureDetector' is not defined
2026-05-30 23:36:42,063 - strategy_builder.backtest.condition_registry - ERROR - Error evaluating condition institutional_edge_sweep_mss: name 'StructureDetector' is not defined
2026-05-30 23:36:42,063 - strategy_builder.backtest.condition_registry - ERROR - Error evaluating condition institutional_edge_sweep_mss: name 'StructureDetector' is not defined
2026-05-30 23:36:42,064 - strategy_builder.backtest.condition_registry - ERROR - Error evaluating condition institutional_edge_sweep_mss: name 'StructureDetector' is not defined
2026-05-30 23:36:42,064 - strategy_builder.backtest.condition_registry - ERROR - Error evaluating condition institutional_edge_sweep_mss: name 'StructureDetector' is not defined
2026-05-30 23:36:42,066 - strategy_builder.backtest.condition_registry - ERROR - Error evaluating condition institutional_edge_sweep_mss: name 'StructureDetector' is not defined
2026-05-30 23:36:42,066 - strategy_builder.backtest.condition_registry - ERROR - Error evaluating condition institutional_edge_sweep_mss: name 'StructureDetector' is not defined
2026-05-30 23:36:42,067 - strategy_builder.backtest.condition_registry - ERROR - Error evaluating condition institutional_edge_sweep_mss: name 'StructureDetector' is not defined
2026-05-30 23:36:42,067 - strategy_builder.backtest.condition_registry - ERROR - Error evaluating condition institutional_edge_sweep_mss: name 'StructureDetector' is not defined
2026-05-30 23:36:42,068 - strategy_builder.backtest.condition_registry - ERROR - Error evaluating condition institutional_edge_sweep_mss: name 'StructureDetector' is not defined
2026-05-30 23:36:42,068 - strategy_builder.backtest.condition_registry - ERROR - Error evaluating condition institutional_edge_sweep_mss: name 'StructureDetector' is not defined
2026-05-30 23:36:42,069 - strategy_builder.backtest.condition_registry - ERROR - Error evaluating condition institutional_edge_sweep_mss: name 'StructureDetector' is not defined
2026-05-30 23:36:42,069 - strategy_builder.backtest.condition_registry - ERROR - Error evaluating condition institutional_edge_sweep_mss: name 'StructureDetector' is not defined
2026-05-30 23:36:42,070 - strategy_builder.backtest.condition_registry - ERROR - Error evaluating condition institutional_edge_sweep_mss: name 'StructureDetector' is not defined
2026-05-30 23:36:42,070 - strategy_builder.backtest.condition_registry - ERROR - Error evaluating condition institutional_edge_sweep_mss: name 'StructureDetector' is not defined
2026-05-30 23:36:42,071 - strategy_builder.backtest.condition_registry - ERROR - Error evaluating condition institutional_edge_sweep_mss: name 'StructureDetector' is not defined
2026-05-30 23:36:42,071 - strategy_builder.backtest.condition_registry - ERROR - Error evaluating condition institutional_edge_sweep_mss: name 'StructureDetector' is not defined
2026-05-30 23:36:42,072 - strategy_builder.backtest.condition_registry - ERROR - Error evaluating condition institutional_edge_sweep_mss: name 'StructureDetector' is not defined
2026-05-30 23:36:42,072 - strategy_builder.backtest.condition_registry - ERROR - Error evaluating condition institutional_edge_sweep_mss: name 'StructureDetector' is not defined
2026-05-30 23:36:42,072 - strategy_builder.backtest.condition_registry - ERROR - Error evaluating condition institutional_edge_sweep_mss: name 'StructureDetector' is not defined
2026-05-30 23:36:42,072 - strategy_builder.backtest.condition_registry - ERROR - Error evaluating condition institutional_edge_sweep_mss: name 'StructureDetector' is not defined
2026-05-30 23:36:42,073 - strategy_builder.backtest.condition_registry - ERROR - Error evaluating condition institutional_edge_sweep_mss: name 'StructureDetector' is not defined
2026-05-30 23:36:42,073 - strategy_builder.backtest.condition_registry - ERROR - Error evaluating condition institutional_edge_sweep_mss: name 'StructureDetector' is not defined
2026-05-30 23:36:42,074 - strategy_builder.backtest.condition_registry - ERROR - Error evaluating condition institutional_edge_sweep_mss: name 'StructureDetector' is not defined
2026-05-30 23:36:42,074 - strategy_builder.backtest.condition_registry - ERROR - Error evaluating condition institutional_edge_sweep_mss: name 'StructureDetector' is not defined
2026-05-30 23:36:42,075 - strategy_builder.backtest.condition_registry - ERROR - Error evaluating condition institutional_edge_sweep_mss: name 'StructureDetector' is not defined
2026-05-30 23:36:42,075 - strategy_builder.backtest.condition_registry - ERROR - Error evaluating condition institutional_edge_sweep_mss: name 'StructureDetector' is not defined
2026-05-30 23:36:42,077 - strategy_builder.backtest.condition_registry - ERROR - Error evaluating condition institutional_edge_sweep_mss: name 'StructureDetector' is not defined
2026-05-30 23:36:42,077 - strategy_builder.backtest.condition_registry - ERROR - Error evaluating condition institutional_edge_sweep_mss: name 'StructureDetector' is not defined
2026-05-30 23:36:42,078 - strategy_builder.backtest.condition_registry - ERROR - Error evaluating condition institutional_edge_sweep_mss: name 'StructureDetector' is not defined
2026-05-30 23:36:42,078 - strategy_builder.backtest.condition_registry - ERROR - Error evaluating condition institutional_edge_sweep_mss: name 'StructureDetector' is not defined
2026-05-30 23:36:42,079 - strategy_builder.backtest.condition_registry - ERROR - Error evaluating condition institutional_edge_sweep_mss: name 'StructureDetector' is not defined
2026-05-30 23:36:42,079 - strategy_builder.backtest.condition_registry - ERROR - Error evaluating condition institutional_edge_sweep_mss: name 'StructureDetector' is not defined
2026-05-30 23:36:42,080 - strategy_builder.backtest.condition_registry - ERROR - Error evaluating condition institutional_edge_sweep_mss: name 'StructureDetector' is not defined
2026-05-30 23:36:42,080 - strategy_builder.backtest.condition_registry - ERROR - Error evaluating condition institutional_edge_sweep_mss: name 'StructureDetector' is not defined
2026-05-30 23:36:42,081 - strategy_builder.backtest.condition_registry - ERROR - Error evaluating condition institutional_edge_sweep_mss: name 'StructureDetector' is not defined
2026-05-30 23:36:42,081 - strategy_builder.backtest.condition_registry - ERROR - Error evaluating condition institutional_edge_sweep_mss: name 'StructureDetector' is not defined
2026-05-30 23:36:42,082 - strategy_builder.backtest.condition_registry - ERROR - Error evaluating condition institutional_edge_sweep_mss: name 'StructureDetector' is not defined
2026-05-30 23:36:42,082 - strategy_builder.backtest.condition_registry - ERROR - Error evaluating condition institutional_edge_sweep_mss: name 'StructureDetector' is not defined
2026-05-30 23:36:42,082 - strategy_builder.backtest.condition_registry - ERROR - Error evaluating condition institutional_edge_sweep_mss: name 'StructureDetector' is not defined
2026-05-30 23:36:42,082 - strategy_builder.backtest.condition_registry - ERROR - Error evaluating condition institutional_edge_sweep_mss: name 'StructureDetector' is not defined
2026-05-30 23:36:42,083 - strategy_builder.backtest.condition_registry - ERROR - Error evaluating condition institutional_edge_sweep_mss: name 'StructureDetector' is not defined
2026-05-30 23:36:42,083 - strategy_builder.backtest.condition_registry - ERROR - Error evaluating condition institutional_edge_sweep_mss: name 'StructureDetector' is not defined
2026-05-30 23:36:42,084 - strategy_builder.backtest.condition_registry - ERROR - Error evaluating condition institutional_edge_sweep_mss: name 'StructureDetector' is not defined
2026-05-30 23:36:42,084 - strategy_builder.backtest.condition_registry - ERROR - Error evaluating condition institutional_edge_sweep_mss: name 'StructureDetector' is not defined
2026-05-30 23:36:42,085 - strategy_builder.backtest.condition_registry - ERROR - Error evaluating condition institutional_edge_sweep_mss: name 'StructureDetector' is not defined
2026-05-30 23:36:42,085 - strategy_builder.backtest.condition_registry - ERROR - Error evaluating condition institutional_edge_sweep_mss: name 'StructureDetector' is not defined
2026-05-30 23:36:42,086 - strategy_builder.backtest.condition_registry - ERROR - Error evaluating condition institutional_edge_sweep_mss: name 'StructureDetector' is not defined
2026-05-30 23:36:42,086 - strategy_builder.backtest.condition_registry - ERROR - Error evaluating condition institutional_edge_sweep_mss: name 'StructureDetector' is not defined
2026-05-30 23:36:42,087 - strategy_builder.backtest.condition_registry - ERROR - Error evaluating condition institutional_edge_sweep_mss: name 'StructureDetector' is not defined
2026-05-30 23:36:42,087 - strategy_builder.backtest.condition_registry - ERROR - Error evaluating condition institutional_edge_sweep_mss: name 'StructureDetector' is not defined
2026-05-30 23:36:42,089 - strategy_builder.backtest.condition_registry - ERROR - Error evaluating condition institutional_edge_sweep_mss: name 'StructureDetector' is not defined
2026-05-30 23:36:42,089 - strategy_builder.backtest.condition_registry - ERROR - Error evaluating condition institutional_edge_sweep_mss: name 'StructureDetector' is not defined
2026-05-30 23:36:42,090 - strategy_builder.backtest.condition_registry - ERROR - Error evaluating condition institutional_edge_sweep_mss: name 'StructureDetector' is not defined
2026-05-30 23:36:42,090 - strategy_builder.backtest.condition_registry - ERROR - Error evaluating condition institutional_edge_sweep_mss: name 'StructureDetector' is not defined
2026-05-30 23:36:42,091 - strategy_builder.backtest.condition_registry - ERROR - Error evaluating condition institutional_edge_sweep_mss: name 'StructureDetector' is not defined
2026-05-30 23:36:42,091 - strategy_builder.backtest.condition_registry - ERROR - Error evaluating condition institutional_edge_sweep_mss: name 'StructureDetector' is not defined
2026-05-30 23:36:42,092 - strategy_builder.backtest.condition_registry - ERROR - Error evaluating condition institutional_edge_sweep_mss: name 'StructureDetector' is not defined
2026-05-30 23:36:42,092 - strategy_builder.backtest.condition_registry - ERROR - Error evaluating condition institutional_edge_sweep_mss: name 'StructureDetector' is not defined
2026-05-30 23:36:42,093 - strategy_builder.backtest.condition_registry - ERROR - Error evaluating condition institutional_edge_sweep_mss: name 'StructureDetector' is not defined
2026-05-30 23:36:42,093 - strategy_builder.backtest.condition_registry - ERROR - Error evaluating condition institutional_edge_sweep_mss: name 'StructureDetector' is not defined
2026-05-30 23:36:42,094 - strategy_builder.backtest.condition_registry - ERROR - Error evaluating condition institutional_edge_sweep_mss: name 'StructureDetector' is not defined
2026-05-30 23:36:42,094 - strategy_builder.backtest.condition_registry - ERROR - Error evaluating condition institutional_edge_sweep_mss: name 'StructureDetector' is not defined
2026-05-30 23:36:42,095 - strategy_builder.backtest.condition_registry - ERROR - Error evaluating condition institutional_edge_sweep_mss: name 'StructureDetector' is not defined
2026-05-30 23:36:42,095 - strategy_builder.backtest.condition_registry - ERROR - Error evaluating condition institutional_edge_sweep_mss: name 'StructureDetector' is not defined
2026-05-30 23:36:42,096 - strategy_builder.backtest.condition_registry - ERROR - Error evaluating condition institutional_edge_sweep_mss: name 'StructureDetector' is not defined
2026-05-30 23:36:42,096 - strategy_builder.backtest.condition_registry - ERROR - Error evaluating condition institutional_edge_sweep_mss: name 'StructureDetector' is not defined
2026-05-30 23:36:42,096 - strategy_builder.backtest.condition_registry - ERROR - Error evaluating condition institutional_edge_sweep_mss: name 'StructureDetector' is not defined
2026-05-30 23:36:42,096 - strategy_builder.backtest.condition_registry - ERROR - Error evaluating condition institutional_edge_sweep_mss: name 'StructureDetector' is not defined
2026-05-30 23:36:42,097 - strategy_builder.backtest.condition_registry - ERROR - Error evaluating condition institutional_edge_sweep_mss: name 'StructureDetector' is not defined
2026-05-30 23:36:42,097 - strategy_builder.backtest.condition_registry - ERROR - Error evaluating condition institutional_edge_sweep_mss: name 'StructureDetector' is not defined
2026-05-30 23:36:42,098 - strategy_builder.backtest.condition_registry - ERROR - Error evaluating condition institutional_edge_sweep_mss: name 'StructureDetector' is not defined
2026-05-30 23:36:42,098 - strategy_builder.backtest.condition_registry - ERROR - Error evaluating condition institutional_edge_sweep_mss: name 'StructureDetector' is not defined
2026-05-30 23:36:42,099 - strategy_builder.backtest.condition_registry - ERROR - Error evaluating condition institutional_edge_sweep_mss: name 'StructureDetector' is not defined
2026-05-30 23:36:42,099 - strategy_builder.backtest.condition_registry - ERROR - Error evaluating condition institutional_edge_sweep_mss: name 'StructureDetector' is not defined
2026-05-30 23:36:42,100 - strategy_builder.backtest.condition_registry - ERROR - Error evaluating condition institutional_edge_sweep_mss: name 'StructureDetector' is not defined
2026-05-30 23:36:42,100 - strategy_builder.backtest.condition_registry - ERROR - Error evaluating condition institutional_edge_sweep_mss: name 'StructureDetector' is not defined
2026-05-30 23:36:42,101 - strategy_builder.backtest.condition_registry - ERROR - Error evaluating condition institutional_edge_sweep_mss: name 'StructureDetector' is not defined
2026-05-30 23:36:42,101 - strategy_builder.backtest.condition_registry - ERROR - Error evaluating condition institutional_edge_sweep_mss: name 'StructureDetector' is not defined
2026-05-30 23:36:42,101 - strategy_builder.backtest.condition_registry - ERROR - Error evaluating condition institutional_edge_sweep_mss: name 'StructureDetector' is not defined
2026-05-30 23:36:42,101 - strategy_builder.backtest.condition_registry - ERROR - Error evaluating condition institutional_edge_sweep_mss: name 'StructureDetector' is not defined
2026-05-30 23:36:42,102 - strategy_builder.backtest.condition_registry - ERROR - Error evaluating condition institutional_edge_sweep_mss: name 'StructureDetector' is not defined
2026-05-30 23:36:42,102 - strategy_builder.backtest.condition_registry - ERROR - Error evaluating condition institutional_edge_sweep_mss: name 'StructureDetector' is not defined
2026-05-30 23:36:42,103 - strategy_builder.backtest.condition_registry - ERROR - Error evaluating condition institutional_edge_sweep_mss: name 'StructureDetector' is not defined
2026-05-30 23:36:42,103 - strategy_builder.backtest.condition_registry - ERROR - Error evaluating condition institutional_edge_sweep_mss: name 'StructureDetector' is not defined
2026-05-30 23:36:42,104 - strategy_builder.backtest.condition_registry - ERROR - Error evaluating condition institutional_edge_sweep_mss: name 'StructureDetector' is not defined
2026-05-30 23:36:42,104 - strategy_builder.backtest.condition_registry - ERROR - Error evaluating condition institutional_edge_sweep_mss: name 'StructureDetector' is not defined
2026-05-30 23:36:42,104 - strategy_builder.backtest.condition_registry - ERROR - Error evaluating condition institutional_edge_sweep_mss: name 'StructureDetector' is not defined
2026-05-30 23:36:42,104 - strategy_builder.backtest.condition_registry - ERROR - Error evaluating condition institutional_edge_sweep_mss: name 'StructureDetector' is not defined
2026-05-30 23:36:42,106 - strategy_builder.backtest.condition_registry - ERROR - Error evaluating condition institutional_edge_sweep_mss: name 'StructureDetector' is not defined
2026-05-30 23:36:42,106 - strategy_builder.backtest.condition_registry - ERROR - Error evaluating condition institutional_edge_sweep_mss: name 'StructureDetector' is not defined
2026-05-30 23:36:42,107 - strategy_builder.backtest.condition_registry - ERROR - Error evaluating condition institutional_edge_sweep_mss: name 'StructureDetector' is not defined
2026-05-30 23:36:42,107 - strategy_builder.backtest.condition_registry - ERROR - Error evaluating condition institutional_edge_sweep_mss: name 'StructureDetector' is not defined
2026-05-30 23:36:42,108 - strategy_builder.backtest.condition_registry - ERROR - Error evaluating condition institutional_edge_sweep_mss: name 'StructureDetector' is not defined
2026-05-30 23:36:42,108 - strategy_builder.backtest.condition_registry - ERROR - Error evaluating condition institutional_edge_sweep_mss: name 'StructureDetector' is not defined
2026-05-30 23:36:42,108 - strategy_builder.backtest.condition_registry - ERROR - Error evaluating condition institutional_edge_sweep_mss: name 'StructureDetector' is not defined
2026-05-30 23:36:42,108 - strategy_builder.backtest.condition_registry - ERROR - Error evaluating condition institutional_edge_sweep_mss: name 'StructureDetector' is not defined
2026-05-30 23:36:42,109 - strategy_builder.backtest.condition_registry - ERROR - Error evaluating condition institutional_edge_sweep_mss: name 'StructureDetector' is not defined
2026-05-30 23:36:42,109 - strategy_builder.backtest.condition_registry - ERROR - Error evaluating condition institutional_edge_sweep_mss: name 'StructureDetector' is not defined
2026-05-30 23:36:42,110 - strategy_builder.backtest.condition_registry - ERROR - Error evaluating condition institutional_edge_sweep_mss: name 'StructureDetector' is not defined
2026-05-30 23:36:42,110 - strategy_builder.backtest.condition_registry - ERROR - Error evaluating condition institutional_edge_sweep_mss: name 'StructureDetector' is not defined
2026-05-30 23:36:42,111 - strategy_builder.backtest.condition_registry - ERROR - Error evaluating condition institutional_edge_sweep_mss: name 'StructureDetector' is not defined
2026-05-30 23:36:42,111 - strategy_builder.backtest.condition_registry - ERROR - Error evaluating condition institutional_edge_sweep_mss: name 'StructureDetector' is not defined
2026-05-30 23:36:42,112 - strategy_builder.backtest.condition_registry - ERROR - Error evaluating condition institutional_edge_sweep_mss: name 'StructureDetector' is not defined
2026-05-30 23:36:42,112 - strategy_builder.backtest.condition_registry - ERROR - Error evaluating condition institutional_edge_sweep_mss: name 'StructureDetector' is not defined
2026-05-30 23:36:42,112 - strategy_builder.backtest.condition_registry - ERROR - Error evaluating condition institutional_edge_sweep_mss: name 'StructureDetector' is not defined
2026-05-30 23:36:42,112 - strategy_builder.backtest.condition_registry - ERROR - Error evaluating condition institutional_edge_sweep_mss: name 'StructureDetector' is not defined
2026-05-30 23:36:42,113 - strategy_builder.backtest.condition_registry - ERROR - Error evaluating condition institutional_edge_sweep_mss: name 'StructureDetector' is not defined
2026-05-30 23:36:42,113 - strategy_builder.backtest.condition_registry - ERROR - Error evaluating condition institutional_edge_sweep_mss: name 'StructureDetector' is not defined
2026-05-30 23:36:42,114 - strategy_builder.backtest.condition_registry - ERROR - Error evaluating condition institutional_edge_sweep_mss: name 'StructureDetector' is not defined
2026-05-30 23:36:42,114 - strategy_builder.backtest.condition_registry - ERROR - Error evaluating condition institutional_edge_sweep_mss: name 'StructureDetector' is not defined
2026-05-30 23:36:42,115 - strategy_builder.backtest.condition_registry - ERROR - Error evaluating condition institutional_edge_sweep_mss: name 'StructureDetector' is not defined
2026-05-30 23:36:42,115 - strategy_builder.backtest.condition_registry - ERROR - Error evaluating condition institutional_edge_sweep_mss: name 'StructureDetector' is not defined
2026-05-30 23:36:42,116 - strategy_builder.backtest.condition_registry - ERROR - Error evaluating condition institutional_edge_sweep_mss: name 'StructureDetector' is not defined
2026-05-30 23:36:42,116 - strategy_builder.backtest.condition_registry - ERROR - Error evaluating condition institutional_edge_sweep_mss: name 'StructureDetector' is not defined
2026-05-30 23:36:42,117 - strategy_builder.backtest.condition_registry - ERROR - Error evaluating condition institutional_edge_sweep_mss: name 'StructureDetector' is not defined
2026-05-30 23:36:42,117 - strategy_builder.backtest.condition_registry - ERROR - Error evaluating condition institutional_edge_sweep_mss: name 'StructureDetector' is not defined
2026-05-30 23:36:42,118 - strategy_builder.backtest.condition_registry - ERROR - Error evaluating condition institutional_edge_sweep_mss: name 'StructureDetector' is not defined
2026-05-30 23:36:42,118 - strategy_builder.backtest.condition_registry - ERROR - Error evaluating condition institutional_edge_sweep_mss: name 'StructureDetector' is not defined
2026-05-30 23:36:42,119 - strategy_builder.backtest.condition_registry - ERROR - Error evaluating condition institutional_edge_sweep_mss: name 'StructureDetector' is not defined
2026-05-30 23:36:42,119 - strategy_builder.backtest.condition_registry - ERROR - Error evaluating condition institutional_edge_sweep_mss: name 'StructureDetector' is not defined
2026-05-30 23:36:42,120 - strategy_builder.backtest.condition_registry - ERROR - Error evaluating condition institutional_edge_sweep_mss: name 'StructureDetector' is not defined
2026-05-30 23:36:42,120 - strategy_builder.backtest.condition_registry - ERROR - Error evaluating condition institutional_edge_sweep_mss: name 'StructureDetector' is not defined
2026-05-30 23:36:42,121 - strategy_builder.backtest.condition_registry - ERROR - Error evaluating condition institutional_edge_sweep_mss: name 'StructureDetector' is not defined
2026-05-30 23:36:42,121 - strategy_builder.backtest.condition_registry - ERROR - Error evaluating condition institutional_edge_sweep_mss: name 'StructureDetector' is not defined
2026-05-30 23:36:42,123 - strategy_builder.backtest.condition_registry - ERROR - Error evaluating condition institutional_edge_sweep_mss: name 'StructureDetector' is not defined
2026-05-30 23:36:42,123 - strategy_builder.backtest.condition_registry - ERROR - Error evaluating condition institutional_edge_sweep_mss: name 'StructureDetector' is not defined
2026-05-30 23:36:42,124 - strategy_builder.backtest.condition_registry - ERROR - Error evaluating condition institutional_edge_sweep_mss: name 'StructureDetector' is not defined
2026-05-30 23:36:42,124 - strategy_builder.backtest.condition_registry - ERROR - Error evaluating condition institutional_edge_sweep_mss: name 'StructureDetector' is not defined
2026-05-30 23:36:42,125 - strategy_builder.backtest.condition_registry - ERROR - Error evaluating condition institutional_edge_sweep_mss: name 'StructureDetector' is not defined
2026-05-30 23:36:42,125 - strategy_builder.backtest.condition_registry - ERROR - Error evaluating condition institutional_edge_sweep_mss: name 'StructureDetector' is not defined
2026-05-30 23:36:42,126 - strategy_builder.backtest.condition_registry - ERROR - Error evaluating condition institutional_edge_sweep_mss: name 'StructureDetector' is not defined
2026-05-30 23:36:42,126 - strategy_builder.backtest.condition_registry - ERROR - Error evaluating condition institutional_edge_sweep_mss: name 'StructureDetector' is not defined
2026-05-30 23:36:42,127 - strategy_builder.backtest.condition_registry - ERROR - Error evaluating condition institutional_edge_sweep_mss: name 'StructureDetector' is not defined
2026-05-30 23:36:42,127 - strategy_builder.backtest.condition_registry - ERROR - Error evaluating condition institutional_edge_sweep_mss: name 'StructureDetector' is not defined
2026-05-30 23:36:42,128 - strategy_builder.backtest.condition_registry - ERROR - Error evaluating condition institutional_edge_sweep_mss: name 'StructureDetector' is not defined
2026-05-30 23:36:42,128 - strategy_builder.backtest.condition_registry - ERROR - Error evaluating condition institutional_edge_sweep_mss: name 'StructureDetector' is not defined
2026-05-30 23:36:42,129 - strategy_builder.backtest.condition_registry - ERROR - Error evaluating condition institutional_edge_sweep_mss: name 'StructureDetector' is not defined
2026-05-30 23:36:42,129 - strategy_builder.backtest.condition_registry - ERROR - Error evaluating condition institutional_edge_sweep_mss: name 'StructureDetector' is not defined
2026-05-30 23:36:42,130 - strategy_builder.backtest.condition_registry - ERROR - Error evaluating condition institutional_edge_sweep_mss: name 'StructureDetector' is not defined
2026-05-30 23:36:42,130 - strategy_builder.backtest.condition_registry - ERROR - Error evaluating condition institutional_edge_sweep_mss: name 'StructureDetector' is not defined
2026-05-30 23:36:42,131 - strategy_builder.backtest.condition_registry - ERROR - Error evaluating condition institutional_edge_sweep_mss: name 'StructureDetector' is not defined
2026-05-30 23:36:42,131 - strategy_builder.backtest.condition_registry - ERROR - Error evaluating condition institutional_edge_sweep_mss: name 'StructureDetector' is not defined
2026-05-30 23:36:42,132 - strategy_builder.backtest.condition_registry - ERROR - Error evaluating condition institutional_edge_sweep_mss: name 'StructureDetector' is not defined
2026-05-30 23:36:42,132 - strategy_builder.backtest.condition_registry - ERROR - Error evaluating condition institutional_edge_sweep_mss: name 'StructureDetector' is not defined
2026-05-30 23:36:42,133 - strategy_builder.backtest.condition_registry - ERROR - Error evaluating condition institutional_edge_sweep_mss: name 'StructureDetector' is not defined
2026-05-30 23:36:42,133 - strategy_builder.backtest.condition_registry - ERROR - Error evaluating condition institutional_edge_sweep_mss: name 'StructureDetector' is not defined
2026-05-30 23:36:42,134 - strategy_builder.backtest.condition_registry - ERROR - Error evaluating condition institutional_edge_sweep_mss: name 'StructureDetector' is not defined
2026-05-30 23:36:42,134 - strategy_builder.backtest.condition_registry - ERROR - Error evaluating condition institutional_edge_sweep_mss: name 'StructureDetector' is not defined
2026-05-30 23:36:42,135 - strategy_builder.backtest.condition_registry - ERROR - Error evaluating condition institutional_edge_sweep_mss: name 'StructureDetector' is not defined
2026-05-30 23:36:42,135 - strategy_builder.backtest.condition_registry - ERROR - Error evaluating condition institutional_edge_sweep_mss: name 'StructureDetector' is not defined
2026-05-30 23:36:42,136 - strategy_builder.backtest.condition_registry - ERROR - Error evaluating condition institutional_edge_sweep_mss: name 'StructureDetector' is not defined
2026-05-30 23:36:42,136 - strategy_builder.backtest.condition_registry - ERROR - Error evaluating condition institutional_edge_sweep_mss: name 'StructureDetector' is not defined
2026-05-30 23:36:42,137 - strategy_builder.backtest.condition_registry - ERROR - Error evaluating condition institutional_edge_sweep_mss: name 'StructureDetector' is not defined
2026-05-30 23:36:42,137 - strategy_builder.backtest.condition_registry - ERROR - Error evaluating condition institutional_edge_sweep_mss: name 'StructureDetector' is not defined
2026-05-30 23:36:42,138 - strategy_builder.backtest.condition_registry - ERROR - Error evaluating condition institutional_edge_sweep_mss: name 'StructureDetector' is not defined
2026-05-30 23:36:42,138 - strategy_builder.backtest.condition_registry - ERROR - Error evaluating condition institutional_edge_sweep_mss: name 'StructureDetector' is not defined
2026-05-30 23:36:42,139 - strategy_builder.backtest.condition_registry - ERROR - Error evaluating condition institutional_edge_sweep_mss: name 'StructureDetector' is not defined
2026-05-30 23:36:42,139 - strategy_builder.backtest.condition_registry - ERROR - Error evaluating condition institutional_edge_sweep_mss: name 'StructureDetector' is not defined
2026-05-30 23:36:42,140 - strategy_builder.backtest.condition_registry - ERROR - Error evaluating condition institutional_edge_sweep_mss: name 'StructureDetector' is not defined
2026-05-30 23:36:42,140 - strategy_builder.backtest.condition_registry - ERROR - Error evaluating condition institutional_edge_sweep_mss: name 'StructureDetector' is not defined
2026-05-30 23:36:42,141 - strategy_builder.backtest.condition_registry - ERROR - Error evaluating condition institutional_edge_sweep_mss: name 'StructureDetector' is not defined
2026-05-30 23:36:42,141 - strategy_builder.backtest.condition_registry - ERROR - Error evaluating condition institutional_edge_sweep_mss: name 'StructureDetector' is not defined
2026-05-30 23:36:42,142 - strategy_builder.backtest.condition_registry - ERROR - Error evaluating condition institutional_edge_sweep_mss: name 'StructureDetector' is not defined
2026-05-30 23:36:42,142 - strategy_builder.backtest.condition_registry - ERROR - Error evaluating condition institutional_edge_sweep_mss: name 'StructureDetector' is not defined
2026-05-30 23:36:42,142 - strategy_builder.backtest.condition_registry - ERROR - Error evaluating condition institutional_edge_sweep_mss: name 'StructureDetector' is not defined
2026-05-30 23:36:42,142 - strategy_builder.backtest.condition_registry - ERROR - Error evaluating condition institutional_edge_sweep_mss: name 'StructureDetector' is not defined
2026-05-30 23:36:42,143 - strategy_builder.backtest.condition_registry - ERROR - Error evaluating condition institutional_edge_sweep_mss: name 'StructureDetector' is not defined
2026-05-30 23:36:42,143 - strategy_builder.backtest.condition_registry - ERROR - Error evaluating condition institutional_edge_sweep_mss: name 'StructureDetector' is not defined
2026-05-30 23:36:42,144 - strategy_builder.backtest.condition_registry - ERROR - Error evaluating condition institutional_edge_sweep_mss: name 'StructureDetector' is not defined
2026-05-30 23:36:42,144 - strategy_builder.backtest.condition_registry - ERROR - Error evaluating condition institutional_edge_sweep_mss: name 'StructureDetector' is not defined
2026-05-30 23:36:42,145 - strategy_builder.backtest.condition_registry - ERROR - Error evaluating condition institutional_edge_sweep_mss: name 'StructureDetector' is not defined
2026-05-30 23:36:42,145 - strategy_builder.backtest.condition_registry - ERROR - Error evaluating condition institutional_edge_sweep_mss: name 'StructureDetector' is not defined
2026-05-30 23:36:42,146 - strategy_builder.backtest.condition_registry - ERROR - Error evaluating condition institutional_edge_sweep_mss: name 'StructureDetector' is not defined
2026-05-30 23:36:42,146 - strategy_builder.backtest.condition_registry - ERROR - Error evaluating condition institutional_edge_sweep_mss: name 'StructureDetector' is not defined
2026-05-30 23:36:42,146 - strategy_builder.backtest.condition_registry - ERROR - Error evaluating condition institutional_edge_sweep_mss: name 'StructureDetector' is not defined
2026-05-30 23:36:42,146 - strategy_builder.backtest.condition_registry - ERROR - Error evaluating condition institutional_edge_sweep_mss: name 'StructureDetector' is not defined
2026-05-30 23:36:42,147 - strategy_builder.backtest.condition_registry - ERROR - Error evaluating condition institutional_edge_sweep_mss: name 'StructureDetector' is not defined
2026-05-30 23:36:42,147 - strategy_builder.backtest.condition_registry - ERROR - Error evaluating condition institutional_edge_sweep_mss: name 'StructureDetector' is not defined
2026-05-30 23:36:42,148 - strategy_builder.backtest.condition_registry - ERROR - Error evaluating condition institutional_edge_sweep_mss: name 'StructureDetector' is not defined
2026-05-30 23:36:42,148 - strategy_builder.backtest.condition_registry - ERROR - Error evaluating condition institutional_edge_sweep_mss: name 'StructureDetector' is not defined
2026-05-30 23:36:42,149 - strategy_builder.backtest.condition_registry - ERROR - Error evaluating condition institutional_edge_sweep_mss: name 'StructureDetector' is not defined
2026-05-30 23:36:42,149 - strategy_builder.backtest.condition_registry - ERROR - Error evaluating condition institutional_edge_sweep_mss: name 'StructureDetector' is not defined
2026-05-30 23:36:42,151 - strategy_builder.backtest.condition_registry - ERROR - Error evaluating condition institutional_edge_sweep_mss: name 'StructureDetector' is not defined
2026-05-30 23:36:42,151 - strategy_builder.backtest.condition_registry - ERROR - Error evaluating condition institutional_edge_sweep_mss: name 'StructureDetector' is not defined
2026-05-30 23:36:42,152 - strategy_builder.backtest.condition_registry - ERROR - Error evaluating condition institutional_edge_sweep_mss: name 'StructureDetector' is not defined
2026-05-30 23:36:42,152 - strategy_builder.backtest.condition_registry - ERROR - Error evaluating condition institutional_edge_sweep_mss: name 'StructureDetector' is not defined
2026-05-30 23:36:42,153 - strategy_builder.backtest.condition_registry - ERROR - Error evaluating condition institutional_edge_sweep_mss: name 'StructureDetector' is not defined
2026-05-30 23:36:42,153 - strategy_builder.backtest.condition_registry - ERROR - Error evaluating condition institutional_edge_sweep_mss: name 'StructureDetector' is not defined
2026-05-30 23:36:42,154 - strategy_builder.backtest.condition_registry - ERROR - Error evaluating condition institutional_edge_sweep_mss: name 'StructureDetector' is not defined
2026-05-30 23:36:42,154 - strategy_builder.backtest.condition_registry - ERROR - Error evaluating condition institutional_edge_sweep_mss: name 'StructureDetector' is not defined
2026-05-30 23:36:42,155 - strategy_builder.backtest.condition_registry - ERROR - Error evaluating condition institutional_edge_sweep_mss: name 'StructureDetector' is not defined
2026-05-30 23:36:42,155 - strategy_builder.backtest.condition_registry - ERROR - Error evaluating condition institutional_edge_sweep_mss: name 'StructureDetector' is not defined
2026-05-30 23:36:42,155 - strategy_builder.backtest.condition_registry - ERROR - Error evaluating condition institutional_edge_sweep_mss: name 'StructureDetector' is not defined
2026-05-30 23:36:42,155 - strategy_builder.backtest.condition_registry - ERROR - Error evaluating condition institutional_edge_sweep_mss: name 'StructureDetector' is not defined
2026-05-30 23:36:42,156 - strategy_builder.backtest.condition_registry - ERROR - Error evaluating condition institutional_edge_sweep_mss: name 'StructureDetector' is not defined
2026-05-30 23:36:42,156 - strategy_builder.backtest.condition_registry - ERROR - Error evaluating condition institutional_edge_sweep_mss: name 'StructureDetector' is not defined
2026-05-30 23:36:42,157 - strategy_builder.backtest.condition_registry - ERROR - Error evaluating condition institutional_edge_sweep_mss: name 'StructureDetector' is not defined
2026-05-30 23:36:42,157 - strategy_builder.backtest.condition_registry - ERROR - Error evaluating condition institutional_edge_sweep_mss: name 'StructureDetector' is not defined
2026-05-30 23:36:42,158 - strategy_builder.backtest.condition_registry - ERROR - Error evaluating condition institutional_edge_sweep_mss: name 'StructureDetector' is not defined
2026-05-30 23:36:42,158 - strategy_builder.backtest.condition_registry - ERROR - Error evaluating condition institutional_edge_sweep_mss: name 'StructureDetector' is not defined
2026-05-30 23:36:42,158 - strategy_builder.backtest.condition_registry - ERROR - Error evaluating condition institutional_edge_sweep_mss: name 'StructureDetector' is not defined
2026-05-30 23:36:42,158 - strategy_builder.backtest.condition_registry - ERROR - Error evaluating condition institutional_edge_sweep_mss: name 'StructureDetector' is not defined
2026-05-30 23:36:42,159 - strategy_builder.backtest.condition_registry - ERROR - Error evaluating condition institutional_edge_sweep_mss: name 'StructureDetector' is not defined
2026-05-30 23:36:42,159 - strategy_builder.backtest.condition_registry - ERROR - Error evaluating condition institutional_edge_sweep_mss: name 'StructureDetector' is not defined
2026-05-30 23:36:42,160 - strategy_builder.backtest.condition_registry - ERROR - Error evaluating condition institutional_edge_sweep_mss: name 'StructureDetector' is not defined
2026-05-30 23:36:42,160 - strategy_builder.backtest.condition_registry - ERROR - Error evaluating condition institutional_edge_sweep_mss: name 'StructureDetector' is not defined
2026-05-30 23:36:42,161 - strategy_builder.backtest.condition_registry - ERROR - Error evaluating condition institutional_edge_sweep_mss: name 'StructureDetector' is not defined
2026-05-30 23:36:42,161 - strategy_builder.backtest.condition_registry - ERROR - Error evaluating condition institutional_edge_sweep_mss: name 'StructureDetector' is not defined
2026-05-30 23:36:42,162 - strategy_builder.backtest.condition_registry - ERROR - Error evaluating condition institutional_edge_sweep_mss: name 'StructureDetector' is not defined
2026-05-30 23:36:42,162 - strategy_builder.backtest.condition_registry - ERROR - Error evaluating condition institutional_edge_sweep_mss: name 'StructureDetector' is not defined
2026-05-30 23:36:42,163 - strategy_builder.backtest.condition_registry - ERROR - Error evaluating condition institutional_edge_sweep_mss: name 'StructureDetector' is not defined
2026-05-30 23:36:42,163 - strategy_builder.backtest.condition_registry - ERROR - Error evaluating condition institutional_edge_sweep_mss: name 'StructureDetector' is not defined
2026-05-30 23:36:42,164 - strategy_builder.backtest.condition_registry - ERROR - Error evaluating condition institutional_edge_sweep_mss: name 'StructureDetector' is not defined
2026-05-30 23:36:42,164 - strategy_builder.backtest.condition_registry - ERROR - Error evaluating condition institutional_edge_sweep_mss: name 'StructureDetector' is not defined
2026-05-30 23:36:42,165 - strategy_builder.backtest.condition_registry - ERROR - Error evaluating condition institutional_edge_sweep_mss: name 'StructureDetector' is not defined
2026-05-30 23:36:42,165 - strategy_builder.backtest.condition_registry - ERROR - Error evaluating condition institutional_edge_sweep_mss: name 'StructureDetector' is not defined
2026-05-30 23:36:42,165 - strategy_builder.backtest.condition_registry - ERROR - Error evaluating condition institutional_edge_sweep_mss: name 'StructureDetector' is not defined
2026-05-30 23:36:42,165 - strategy_builder.backtest.condition_registry - ERROR - Error evaluating condition institutional_edge_sweep_mss: name 'StructureDetector' is not defined
2026-05-30 23:36:42,166 - strategy_builder.backtest.condition_registry - ERROR - Error evaluating condition institutional_edge_sweep_mss: name 'StructureDetector' is not defined
2026-05-30 23:36:42,166 - strategy_builder.backtest.condition_registry - ERROR - Error evaluating condition institutional_edge_sweep_mss: name 'StructureDetector' is not defined
2026-05-30 23:36:42,167 - strategy_builder.backtest.condition_registry - ERROR - Error evaluating condition institutional_edge_sweep_mss: name 'StructureDetector' is not defined
2026-05-30 23:36:42,167 - strategy_builder.backtest.condition_registry - ERROR - Error evaluating condition institutional_edge_sweep_mss: name 'StructureDetector' is not defined
2026-05-30 23:36:42,168 - strategy_builder.backtest.condition_registry - ERROR - Error evaluating condition institutional_edge_sweep_mss: name 'StructureDetector' is not defined
2026-05-30 23:36:42,168 - strategy_builder.backtest.condition_registry - ERROR - Error evaluating condition institutional_edge_sweep_mss: name 'StructureDetector' is not defined
2026-05-30 23:36:42,168 - strategy_builder.backtest.condition_registry - ERROR - Error evaluating condition institutional_edge_sweep_mss: name 'StructureDetector' is not defined
2026-05-30 23:36:42,168 - strategy_builder.backtest.condition_registry - ERROR - Error evaluating condition institutional_edge_sweep_mss: name 'StructureDetector' is not defined
2026-05-30 23:36:42,170 - strategy_builder.backtest.condition_registry - ERROR - Error evaluating condition institutional_edge_sweep_mss: name 'StructureDetector' is not defined
2026-05-30 23:36:42,170 - strategy_builder.backtest.condition_registry - ERROR - Error evaluating condition institutional_edge_sweep_mss: name 'StructureDetector' is not defined
2026-05-30 23:36:42,171 - strategy_builder.backtest.condition_registry - ERROR - Error evaluating condition institutional_edge_sweep_mss: name 'StructureDetector' is not defined
2026-05-30 23:36:42,171 - strategy_builder.backtest.condition_registry - ERROR - Error evaluating condition institutional_edge_sweep_mss: name 'StructureDetector' is not defined
2026-05-30 23:36:42,172 - strategy_builder.backtest.condition_registry - ERROR - Error evaluating condition institutional_edge_sweep_mss: name 'StructureDetector' is not defined
2026-05-30 23:36:42,172 - strategy_builder.backtest.condition_registry - ERROR - Error evaluating condition institutional_edge_sweep_mss: name 'StructureDetector' is not defined
2026-05-30 23:36:42,173 - strategy_builder.backtest.condition_registry - ERROR - Error evaluating condition institutional_edge_sweep_mss: name 'StructureDetector' is not defined
2026-05-30 23:36:42,173 - strategy_builder.backtest.condition_registry - ERROR - Error evaluating condition institutional_edge_sweep_mss: name 'StructureDetector' is not defined
2026-05-30 23:36:42,173 - strategy_builder.backtest.condition_registry - ERROR - Error evaluating condition institutional_edge_sweep_mss: name 'StructureDetector' is not defined
2026-05-30 23:36:42,173 - strategy_builder.backtest.condition_registry - ERROR - Error evaluating condition institutional_edge_sweep_mss: name 'StructureDetector' is not defined
2026-05-30 23:36:42,174 - strategy_builder.backtest.condition_registry - ERROR - Error evaluating condition institutional_edge_sweep_mss: name 'StructureDetector' is not defined
2026-05-30 23:36:42,174 - strategy_builder.backtest.condition_registry - ERROR - Error evaluating condition institutional_edge_sweep_mss: name 'StructureDetector' is not defined
2026-05-30 23:36:42,175 - strategy_builder.backtest.condition_registry - ERROR - Error evaluating condition institutional_edge_sweep_mss: name 'StructureDetector' is not defined
2026-05-30 23:36:42,175 - strategy_builder.backtest.condition_registry - ERROR - Error evaluating condition institutional_edge_sweep_mss: name 'StructureDetector' is not defined
2026-05-30 23:36:42,176 - strategy_builder.backtest.condition_registry - ERROR - Error evaluating condition institutional_edge_sweep_mss: name 'StructureDetector' is not defined
2026-05-30 23:36:42,176 - strategy_builder.backtest.condition_registry - ERROR - Error evaluating condition institutional_edge_sweep_mss: name 'StructureDetector' is not defined
2026-05-30 23:36:42,177 - strategy_builder.backtest.condition_registry - ERROR - Error evaluating condition institutional_edge_sweep_mss: name 'StructureDetector' is not defined
2026-05-30 23:36:42,177 - strategy_builder.backtest.condition_registry - ERROR - Error evaluating condition institutional_edge_sweep_mss: name 'StructureDetector' is not defined
2026-05-30 23:36:42,178 - strategy_builder.backtest.condition_registry - ERROR - Error evaluating condition institutional_edge_sweep_mss: name 'StructureDetector' is not defined
2026-05-30 23:36:42,178 - strategy_builder.backtest.condition_registry - ERROR - Error evaluating condition institutional_edge_sweep_mss: name 'StructureDetector' is not defined
2026-05-30 23:36:42,178 - Researcher - INFO - Evaluating 19 strategies on 1h/4h...
2026-05-30 23:36:42,178 - Researcher - INFO - Testing: Insto_London_Breakout_V3 @ 1h/4h...
2026-05-30 23:36:43,761 - Researcher - INFO - Testing: NY_Momentum_V3 @ 1h/4h...
2026-05-30 23:36:45,477 - Researcher - INFO - Testing: Trend_Reversal_Scalper @ 1h/4h...
2026-05-30 23:36:45,517 - Researcher - INFO - Testing: Session_Fade_Pro @ 1h/4h...
2026-05-30 23:36:45,745 - Researcher - INFO - Testing: Optimized_Baseline_2.5R @ 1h/4h...
2026-05-30 23:36:45,759 - Researcher - INFO - Testing: Volatility_Exhaustion_MR @ 1h/4h...
2026-05-30 23:36:45,866 - Researcher - INFO - Testing: Liquidity_Sweep_MSS @ 1h/4h...
2026-05-30 23:36:45,887 - Researcher - INFO - Testing: Funding_Rate_Arbitrage @ 1h/4h...
2026-05-30 23:36:46,877 - Researcher - INFO - Testing: VWAP_STD_Dev_Reversion @ 1h/4h...
2026-05-30 23:36:47,252 - Researcher - INFO - Testing: Filtered_Trend_Following @ 1h/4h...
2026-05-30 23:36:47,259 - Researcher - INFO - Testing: Opening_Range_Breakout @ 1h/4h...
2026-05-30 23:36:47,285 - Researcher - INFO - Testing: Bollinger_Band_Walk @ 1h/4h...
2026-05-30 23:36:47,290 - Researcher - INFO - Testing: RSI_Divergence_Structure @ 1h/4h...
2026-05-30 23:36:47,320 - Researcher - INFO - Testing: Order_Block_Mitigation @ 1h/4h...
2026-05-30 23:36:47,331 - Researcher - INFO - Testing: Delta_Neutral_Basis_Trade @ 1h/4h...
2026-05-30 23:36:47,360 - Researcher - INFO - Testing: MTF_Trend_Alignment_1m_to_1d @ 1h/4h...
2026-05-30 23:36:47,400 - Researcher - INFO - Testing: Advanced_MTF_Trend_Alignment @ 1h/4h...
2026-05-30 23:36:47,408 - Researcher - INFO - Testing: Ignition_Momentum_1Pct_Edge @ 1h/4h...
2026-05-30 23:36:47,418 - Researcher - INFO - Testing: Institutional_Edge_Sweep_MSS @ 1h/4h...
2026-05-30 23:36:47,419 - strategy_builder.backtest.condition_registry - ERROR - Error evaluating condition institutional_edge_sweep_mss: name 'StructureDetector' is not defined
2026-05-30 23:36:47,419 - strategy_builder.backtest.condition_registry - ERROR - Error evaluating condition institutional_edge_sweep_mss: name 'StructureDetector' is not defined
2026-05-30 23:36:47,420 - strategy_builder.backtest.condition_registry - ERROR - Error evaluating condition institutional_edge_sweep_mss: name 'StructureDetector' is not defined
2026-05-30 23:36:47,420 - strategy_builder.backtest.condition_registry - ERROR - Error evaluating condition institutional_edge_sweep_mss: name 'StructureDetector' is not defined
2026-05-30 23:36:47,421 - strategy_builder.backtest.condition_registry - ERROR - Error evaluating condition institutional_edge_sweep_mss: name 'StructureDetector' is not defined
2026-05-30 23:36:47,421 - strategy_builder.backtest.condition_registry - ERROR - Error evaluating condition institutional_edge_sweep_mss: name 'StructureDetector' is not defined
2026-05-30 23:36:47,422 - strategy_builder.backtest.condition_registry - ERROR - Error evaluating condition institutional_edge_sweep_mss: name 'StructureDetector' is not defined
2026-05-30 23:36:47,422 - strategy_builder.backtest.condition_registry - ERROR - Error evaluating condition institutional_edge_sweep_mss: name 'StructureDetector' is not defined
2026-05-30 23:36:47,424 - strategy_builder.backtest.condition_registry - ERROR - Error evaluating condition institutional_edge_sweep_mss: name 'StructureDetector' is not defined
2026-05-30 23:36:47,424 - strategy_builder.backtest.condition_registry - ERROR - Error evaluating condition institutional_edge_sweep_mss: name 'StructureDetector' is not defined
2026-05-30 23:36:47,425 - strategy_builder.backtest.condition_registry - ERROR - Error evaluating condition institutional_edge_sweep_mss: name 'StructureDetector' is not defined
2026-05-30 23:36:47,425 - strategy_builder.backtest.condition_registry - ERROR - Error evaluating condition institutional_edge_sweep_mss: name 'StructureDetector' is not defined
2026-05-30 23:36:47,426 - strategy_builder.backtest.condition_registry - ERROR - Error evaluating condition institutional_edge_sweep_mss: name 'StructureDetector' is not defined
2026-05-30 23:36:47,426 - strategy_builder.backtest.condition_registry - ERROR - Error evaluating condition institutional_edge_sweep_mss: name 'StructureDetector' is not defined
2026-05-30 23:36:47,426 - strategy_builder.backtest.condition_registry - ERROR - Error evaluating condition institutional_edge_sweep_mss: name 'StructureDetector' is not defined
2026-05-30 23:36:47,426 - strategy_builder.backtest.condition_registry - ERROR - Error evaluating condition institutional_edge_sweep_mss: name 'StructureDetector' is not defined
2026-05-30 23:36:47,427 - strategy_builder.backtest.condition_registry - ERROR - Error evaluating condition institutional_edge_sweep_mss: name 'StructureDetector' is not defined
2026-05-30 23:36:47,427 - strategy_builder.backtest.condition_registry - ERROR - Error evaluating condition institutional_edge_sweep_mss: name 'StructureDetector' is not defined
2026-05-30 23:36:47,428 - strategy_builder.backtest.condition_registry - ERROR - Error evaluating condition institutional_edge_sweep_mss: name 'StructureDetector' is not defined
2026-05-30 23:36:47,428 - strategy_builder.backtest.condition_registry - ERROR - Error evaluating condition institutional_edge_sweep_mss: name 'StructureDetector' is not defined
2026-05-30 23:36:47,431 - strategy_builder.backtest.condition_registry - ERROR - Error evaluating condition institutional_edge_sweep_mss: name 'StructureDetector' is not defined
2026-05-30 23:36:47,431 - strategy_builder.backtest.condition_registry - ERROR - Error evaluating condition institutional_edge_sweep_mss: name 'StructureDetector' is not defined
2026-05-30 23:36:47,435 - strategy_builder.backtest.condition_registry - ERROR - Error evaluating condition institutional_edge_sweep_mss: name 'StructureDetector' is not defined
2026-05-30 23:36:47,435 - strategy_builder.backtest.condition_registry - ERROR - Error evaluating condition institutional_edge_sweep_mss: name 'StructureDetector' is not defined
2026-05-30 23:36:47,437 - strategy_builder.backtest.condition_registry - ERROR - Error evaluating condition institutional_edge_sweep_mss: name 'StructureDetector' is not defined
2026-05-30 23:36:47,437 - strategy_builder.backtest.condition_registry - ERROR - Error evaluating condition institutional_edge_sweep_mss: name 'StructureDetector' is not defined
2026-05-30 23:36:47,438 - strategy_builder.backtest.condition_registry - ERROR - Error evaluating condition institutional_edge_sweep_mss: name 'StructureDetector' is not defined
2026-05-30 23:36:47,438 - strategy_builder.backtest.condition_registry - ERROR - Error evaluating condition institutional_edge_sweep_mss: name 'StructureDetector' is not defined
2026-05-30 23:36:47,440 - strategy_builder.backtest.condition_registry - ERROR - Error evaluating condition institutional_edge_sweep_mss: name 'StructureDetector' is not defined
2026-05-30 23:36:47,440 - strategy_builder.backtest.condition_registry - ERROR - Error evaluating condition institutional_edge_sweep_mss: name 'StructureDetector' is not defined
2026-05-30 23:36:47,441 - strategy_builder.backtest.condition_registry - ERROR - Error evaluating condition institutional_edge_sweep_mss: name 'StructureDetector' is not defined
2026-05-30 23:36:47,441 - strategy_builder.backtest.condition_registry - ERROR - Error evaluating condition institutional_edge_sweep_mss: name 'StructureDetector' is not defined
2026-05-30 23:36:47,442 - strategy_builder.backtest.condition_registry - ERROR - Error evaluating condition institutional_edge_sweep_mss: name 'StructureDetector' is not defined
2026-05-30 23:36:47,442 - strategy_builder.backtest.condition_registry - ERROR - Error evaluating condition institutional_edge_sweep_mss: name 'StructureDetector' is not defined
2026-05-30 23:36:47,444 - strategy_builder.backtest.condition_registry - ERROR - Error evaluating condition institutional_edge_sweep_mss: name 'StructureDetector' is not defined
2026-05-30 23:36:47,444 - strategy_builder.backtest.condition_registry - ERROR - Error evaluating condition institutional_edge_sweep_mss: name 'StructureDetector' is not defined
2026-05-30 23:36:47,446 - strategy_builder.backtest.condition_registry - ERROR - Error evaluating condition institutional_edge_sweep_mss: name 'StructureDetector' is not defined
2026-05-30 23:36:47,446 - strategy_builder.backtest.condition_registry - ERROR - Error evaluating condition institutional_edge_sweep_mss: name 'StructureDetector' is not defined
2026-05-30 23:36:47,447 - strategy_builder.backtest.condition_registry - ERROR - Error evaluating condition institutional_edge_sweep_mss: name 'StructureDetector' is not defined
2026-05-30 23:36:47,447 - strategy_builder.backtest.condition_registry - ERROR - Error evaluating condition institutional_edge_sweep_mss: name 'StructureDetector' is not defined
2026-05-30 23:36:47,448 - strategy_builder.backtest.condition_registry - ERROR - Error evaluating condition institutional_edge_sweep_mss: name 'StructureDetector' is not defined
2026-05-30 23:36:47,448 - strategy_builder.backtest.condition_registry - ERROR - Error evaluating condition institutional_edge_sweep_mss: name 'StructureDetector' is not defined
2026-05-30 23:36:47,458 - strategy_builder.backtest.condition_registry - ERROR - Error evaluating condition institutional_edge_sweep_mss: name 'StructureDetector' is not defined
2026-05-30 23:36:47,458 - strategy_builder.backtest.condition_registry - ERROR - Error evaluating condition institutional_edge_sweep_mss: name 'StructureDetector' is not defined
2026-05-30 23:36:47,459 - strategy_builder.backtest.condition_registry - ERROR - Error evaluating condition institutional_edge_sweep_mss: name 'StructureDetector' is not defined
2026-05-30 23:36:47,459 - strategy_builder.backtest.condition_registry - ERROR - Error evaluating condition institutional_edge_sweep_mss: name 'StructureDetector' is not defined
2026-05-30 23:36:47,460 - strategy_builder.backtest.condition_registry - ERROR - Error evaluating condition institutional_edge_sweep_mss: name 'StructureDetector' is not defined
2026-05-30 23:36:47,460 - strategy_builder.backtest.condition_registry - ERROR - Error evaluating condition institutional_edge_sweep_mss: name 'StructureDetector' is not defined
2026-05-30 23:36:47,461 - strategy_builder.backtest.condition_registry - ERROR - Error evaluating condition institutional_edge_sweep_mss: name 'StructureDetector' is not defined
2026-05-30 23:36:47,461 - strategy_builder.backtest.condition_registry - ERROR - Error evaluating condition institutional_edge_sweep_mss: name 'StructureDetector' is not defined
2026-05-30 23:36:47,462 - strategy_builder.backtest.condition_registry - ERROR - Error evaluating condition institutional_edge_sweep_mss: name 'StructureDetector' is not defined
2026-05-30 23:36:47,462 - strategy_builder.backtest.condition_registry - ERROR - Error evaluating condition institutional_edge_sweep_mss: name 'StructureDetector' is not defined
2026-05-30 23:36:47,462 - strategy_builder.backtest.condition_registry - ERROR - Error evaluating condition institutional_edge_sweep_mss: name 'StructureDetector' is not defined
2026-05-30 23:36:47,462 - strategy_builder.backtest.condition_registry - ERROR - Error evaluating condition institutional_edge_sweep_mss: name 'StructureDetector' is not defined
2026-05-30 23:36:47,463 - strategy_builder.backtest.condition_registry - ERROR - Error evaluating condition institutional_edge_sweep_mss: name 'StructureDetector' is not defined
2026-05-30 23:36:47,463 - strategy_builder.backtest.condition_registry - ERROR - Error evaluating condition institutional_edge_sweep_mss: name 'StructureDetector' is not defined
2026-05-30 23:36:47,464 - strategy_builder.backtest.condition_registry - ERROR - Error evaluating condition institutional_edge_sweep_mss: name 'StructureDetector' is not defined
2026-05-30 23:36:47,464 - strategy_builder.backtest.condition_registry - ERROR - Error evaluating condition institutional_edge_sweep_mss: name 'StructureDetector' is not defined
2026-05-30 23:36:47,465 - strategy_builder.backtest.condition_registry - ERROR - Error evaluating condition institutional_edge_sweep_mss: name 'StructureDetector' is not defined
2026-05-30 23:36:47,465 - strategy_builder.backtest.condition_registry - ERROR - Error evaluating condition institutional_edge_sweep_mss: name 'StructureDetector' is not defined
2026-05-30 23:36:47,466 - strategy_builder.backtest.condition_registry - ERROR - Error evaluating condition institutional_edge_sweep_mss: name 'StructureDetector' is not defined
2026-05-30 23:36:47,466 - strategy_builder.backtest.condition_registry - ERROR - Error evaluating condition institutional_edge_sweep_mss: name 'StructureDetector' is not defined
2026-05-30 23:36:47,466 - strategy_builder.backtest.condition_registry - ERROR - Error evaluating condition institutional_edge_sweep_mss: name 'StructureDetector' is not defined
2026-05-30 23:36:47,466 - strategy_builder.backtest.condition_registry - ERROR - Error evaluating condition institutional_edge_sweep_mss: name 'StructureDetector' is not defined
2026-05-30 23:36:47,467 - strategy_builder.backtest.condition_registry - ERROR - Error evaluating condition institutional_edge_sweep_mss: name 'StructureDetector' is not defined
2026-05-30 23:36:47,467 - strategy_builder.backtest.condition_registry - ERROR - Error evaluating condition institutional_edge_sweep_mss: name 'StructureDetector' is not defined
2026-05-30 23:36:47,468 - strategy_builder.backtest.condition_registry - ERROR - Error evaluating condition institutional_edge_sweep_mss: name 'StructureDetector' is not defined
2026-05-30 23:36:47,468 - strategy_builder.backtest.condition_registry - ERROR - Error evaluating condition institutional_edge_sweep_mss: name 'StructureDetector' is not defined
2026-05-30 23:36:47,469 - strategy_builder.backtest.condition_registry - ERROR - Error evaluating condition institutional_edge_sweep_mss: name 'StructureDetector' is not defined
2026-05-30 23:36:47,469 - strategy_builder.backtest.condition_registry - ERROR - Error evaluating condition institutional_edge_sweep_mss: name 'StructureDetector' is not defined
2026-05-30 23:36:47,470 - strategy_builder.backtest.condition_registry - ERROR - Error evaluating condition institutional_edge_sweep_mss: name 'StructureDetector' is not defined
2026-05-30 23:36:47,470 - strategy_builder.backtest.condition_registry - ERROR - Error evaluating condition institutional_edge_sweep_mss: name 'StructureDetector' is not defined
2026-05-30 23:36:47,470 - strategy_builder.backtest.condition_registry - ERROR - Error evaluating condition institutional_edge_sweep_mss: name 'StructureDetector' is not defined
2026-05-30 23:36:47,470 - strategy_builder.backtest.condition_registry - ERROR - Error evaluating condition institutional_edge_sweep_mss: name 'StructureDetector' is not defined
2026-05-30 23:36:47,471 - strategy_builder.backtest.condition_registry - ERROR - Error evaluating condition institutional_edge_sweep_mss: name 'StructureDetector' is not defined
2026-05-30 23:36:47,471 - strategy_builder.backtest.condition_registry - ERROR - Error evaluating condition institutional_edge_sweep_mss: name 'StructureDetector' is not defined
2026-05-30 23:36:47,472 - strategy_builder.backtest.condition_registry - ERROR - Error evaluating condition institutional_edge_sweep_mss: name 'StructureDetector' is not defined
2026-05-30 23:36:47,472 - strategy_builder.backtest.condition_registry - ERROR - Error evaluating condition institutional_edge_sweep_mss: name 'StructureDetector' is not defined
2026-05-30 23:36:47,472 - strategy_builder.backtest.condition_registry - ERROR - Error evaluating condition institutional_edge_sweep_mss: name 'StructureDetector' is not defined
2026-05-30 23:36:47,472 - strategy_builder.backtest.condition_registry - ERROR - Error evaluating condition institutional_edge_sweep_mss: name 'StructureDetector' is not defined
2026-05-30 23:36:47,474 - strategy_builder.backtest.condition_registry - ERROR - Error evaluating condition institutional_edge_sweep_mss: name 'StructureDetector' is not defined
2026-05-30 23:36:47,474 - strategy_builder.backtest.condition_registry - ERROR - Error evaluating condition institutional_edge_sweep_mss: name 'StructureDetector' is not defined
2026-05-30 23:36:47,475 - strategy_builder.backtest.condition_registry - ERROR - Error evaluating condition institutional_edge_sweep_mss: name 'StructureDetector' is not defined
2026-05-30 23:36:47,475 - strategy_builder.backtest.condition_registry - ERROR - Error evaluating condition institutional_edge_sweep_mss: name 'StructureDetector' is not defined
2026-05-30 23:36:47,476 - strategy_builder.backtest.condition_registry - ERROR - Error evaluating condition institutional_edge_sweep_mss: name 'StructureDetector' is not defined
2026-05-30 23:36:47,476 - strategy_builder.backtest.condition_registry - ERROR - Error evaluating condition institutional_edge_sweep_mss: name 'StructureDetector' is not defined
2026-05-30 23:36:47,477 - strategy_builder.backtest.condition_registry - ERROR - Error evaluating condition institutional_edge_sweep_mss: name 'StructureDetector' is not defined
2026-05-30 23:36:47,477 - strategy_builder.backtest.condition_registry - ERROR - Error evaluating condition institutional_edge_sweep_mss: name 'StructureDetector' is not defined
2026-05-30 23:36:47,478 - strategy_builder.backtest.condition_registry - ERROR - Error evaluating condition institutional_edge_sweep_mss: name 'StructureDetector' is not defined
2026-05-30 23:36:47,478 - strategy_builder.backtest.condition_registry - ERROR - Error evaluating condition institutional_edge_sweep_mss: name 'StructureDetector' is not defined
2026-05-30 23:36:47,479 - strategy_builder.backtest.condition_registry - ERROR - Error evaluating condition institutional_edge_sweep_mss: name 'StructureDetector' is not defined
2026-05-30 23:36:47,479 - strategy_builder.backtest.condition_registry - ERROR - Error evaluating condition institutional_edge_sweep_mss: name 'StructureDetector' is not defined
2026-05-30 23:36:47,480 - strategy_builder.backtest.condition_registry - ERROR - Error evaluating condition institutional_edge_sweep_mss: name 'StructureDetector' is not defined
2026-05-30 23:36:47,480 - strategy_builder.backtest.condition_registry - ERROR - Error evaluating condition institutional_edge_sweep_mss: name 'StructureDetector' is not defined
2026-05-30 23:36:47,481 - strategy_builder.backtest.condition_registry - ERROR - Error evaluating condition institutional_edge_sweep_mss: name 'StructureDetector' is not defined
2026-05-30 23:36:47,481 - strategy_builder.backtest.condition_registry - ERROR - Error evaluating condition institutional_edge_sweep_mss: name 'StructureDetector' is not defined
2026-05-30 23:36:47,485 - strategy_builder.backtest.condition_registry - ERROR - Error evaluating condition institutional_edge_sweep_mss: name 'StructureDetector' is not defined
2026-05-30 23:36:47,485 - strategy_builder.backtest.condition_registry - ERROR - Error evaluating condition institutional_edge_sweep_mss: name 'StructureDetector' is not defined
2026-05-30 23:36:47,486 - strategy_builder.backtest.condition_registry - ERROR - Error evaluating condition institutional_edge_sweep_mss: name 'StructureDetector' is not defined
2026-05-30 23:36:47,486 - strategy_builder.backtest.condition_registry - ERROR - Error evaluating condition institutional_edge_sweep_mss: name 'StructureDetector' is not defined
2026-05-30 23:36:47,486 - strategy_builder.backtest.condition_registry - ERROR - Error evaluating condition institutional_edge_sweep_mss: name 'StructureDetector' is not defined
2026-05-30 23:36:47,486 - strategy_builder.backtest.condition_registry - ERROR - Error evaluating condition institutional_edge_sweep_mss: name 'StructureDetector' is not defined
2026-05-30 23:36:47,487 - strategy_builder.backtest.condition_registry - ERROR - Error evaluating condition institutional_edge_sweep_mss: name 'StructureDetector' is not defined
2026-05-30 23:36:47,487 - strategy_builder.backtest.condition_registry - ERROR - Error evaluating condition institutional_edge_sweep_mss: name 'StructureDetector' is not defined
2026-05-30 23:36:47,488 - strategy_builder.backtest.condition_registry - ERROR - Error evaluating condition institutional_edge_sweep_mss: name 'StructureDetector' is not defined
2026-05-30 23:36:47,488 - strategy_builder.backtest.condition_registry - ERROR - Error evaluating condition institutional_edge_sweep_mss: name 'StructureDetector' is not defined
2026-05-30 23:36:47,489 - strategy_builder.backtest.condition_registry - ERROR - Error evaluating condition institutional_edge_sweep_mss: name 'StructureDetector' is not defined
2026-05-30 23:36:47,489 - strategy_builder.backtest.condition_registry - ERROR - Error evaluating condition institutional_edge_sweep_mss: name 'StructureDetector' is not defined
2026-05-30 23:36:47,491 - strategy_builder.backtest.condition_registry - ERROR - Error evaluating condition institutional_edge_sweep_mss: name 'StructureDetector' is not defined
2026-05-30 23:36:47,491 - strategy_builder.backtest.condition_registry - ERROR - Error evaluating condition institutional_edge_sweep_mss: name 'StructureDetector' is not defined
2026-05-30 23:36:47,492 - strategy_builder.backtest.condition_registry - ERROR - Error evaluating condition institutional_edge_sweep_mss: name 'StructureDetector' is not defined
2026-05-30 23:36:47,492 - strategy_builder.backtest.condition_registry - ERROR - Error evaluating condition institutional_edge_sweep_mss: name 'StructureDetector' is not defined
2026-05-30 23:36:47,493 - strategy_builder.backtest.condition_registry - ERROR - Error evaluating condition institutional_edge_sweep_mss: name 'StructureDetector' is not defined
2026-05-30 23:36:47,493 - strategy_builder.backtest.condition_registry - ERROR - Error evaluating condition institutional_edge_sweep_mss: name 'StructureDetector' is not defined
2026-05-30 23:36:47,494 - strategy_builder.backtest.condition_registry - ERROR - Error evaluating condition institutional_edge_sweep_mss: name 'StructureDetector' is not defined
2026-05-30 23:36:47,494 - strategy_builder.backtest.condition_registry - ERROR - Error evaluating condition institutional_edge_sweep_mss: name 'StructureDetector' is not defined
2026-05-30 23:36:47,494 - strategy_builder.backtest.condition_registry - ERROR - Error evaluating condition institutional_edge_sweep_mss: name 'StructureDetector' is not defined
2026-05-30 23:36:47,494 - strategy_builder.backtest.condition_registry - ERROR - Error evaluating condition institutional_edge_sweep_mss: name 'StructureDetector' is not defined
2026-05-30 23:36:47,495 - strategy_builder.backtest.condition_registry - ERROR - Error evaluating condition institutional_edge_sweep_mss: name 'StructureDetector' is not defined
2026-05-30 23:36:47,495 - strategy_builder.backtest.condition_registry - ERROR - Error evaluating condition institutional_edge_sweep_mss: name 'StructureDetector' is not defined
2026-05-30 23:36:47,496 - strategy_builder.backtest.condition_registry - ERROR - Error evaluating condition institutional_edge_sweep_mss: name 'StructureDetector' is not defined
2026-05-30 23:36:47,496 - strategy_builder.backtest.condition_registry - ERROR - Error evaluating condition institutional_edge_sweep_mss: name 'StructureDetector' is not defined
2026-05-30 23:36:47,497 - strategy_builder.backtest.condition_registry - ERROR - Error evaluating condition institutional_edge_sweep_mss: name 'StructureDetector' is not defined
2026-05-30 23:36:47,497 - strategy_builder.backtest.condition_registry - ERROR - Error evaluating condition institutional_edge_sweep_mss: name 'StructureDetector' is not defined
2026-05-30 23:36:47,499 - strategy_builder.backtest.condition_registry - ERROR - Error evaluating condition institutional_edge_sweep_mss: name 'StructureDetector' is not defined
2026-05-30 23:36:47,499 - strategy_builder.backtest.condition_registry - ERROR - Error evaluating condition institutional_edge_sweep_mss: name 'StructureDetector' is not defined
2026-05-30 23:36:47,500 - strategy_builder.backtest.condition_registry - ERROR - Error evaluating condition institutional_edge_sweep_mss: name 'StructureDetector' is not defined
2026-05-30 23:36:47,500 - strategy_builder.backtest.condition_registry - ERROR - Error evaluating condition institutional_edge_sweep_mss: name 'StructureDetector' is not defined
2026-05-30 23:36:47,501 - strategy_builder.backtest.condition_registry - ERROR - Error evaluating condition institutional_edge_sweep_mss: name 'StructureDetector' is not defined
2026-05-30 23:36:47,501 - strategy_builder.backtest.condition_registry - ERROR - Error evaluating condition institutional_edge_sweep_mss: name 'StructureDetector' is not defined
2026-05-30 23:36:47,502 - strategy_builder.backtest.condition_registry - ERROR - Error evaluating condition institutional_edge_sweep_mss: name 'StructureDetector' is not defined
2026-05-30 23:36:47,502 - strategy_builder.backtest.condition_registry - ERROR - Error evaluating condition institutional_edge_sweep_mss: name 'StructureDetector' is not defined
2026-05-30 23:36:47,504 - strategy_builder.backtest.condition_registry - ERROR - Error evaluating condition institutional_edge_sweep_mss: name 'StructureDetector' is not defined
2026-05-30 23:36:47,504 - strategy_builder.backtest.condition_registry - ERROR - Error evaluating condition institutional_edge_sweep_mss: name 'StructureDetector' is not defined
2026-05-30 23:36:47,505 - strategy_builder.backtest.condition_registry - ERROR - Error evaluating condition institutional_edge_sweep_mss: name 'StructureDetector' is not defined
2026-05-30 23:36:47,505 - strategy_builder.backtest.condition_registry - ERROR - Error evaluating condition institutional_edge_sweep_mss: name 'StructureDetector' is not defined
2026-05-30 23:36:47,507 - strategy_builder.backtest.condition_registry - ERROR - Error evaluating condition institutional_edge_sweep_mss: name 'StructureDetector' is not defined
2026-05-30 23:36:47,507 - strategy_builder.backtest.condition_registry - ERROR - Error evaluating condition institutional_edge_sweep_mss: name 'StructureDetector' is not defined
2026-05-30 23:36:47,508 - strategy_builder.backtest.condition_registry - ERROR - Error evaluating condition institutional_edge_sweep_mss: name 'StructureDetector' is not defined
2026-05-30 23:36:47,508 - strategy_builder.backtest.condition_registry - ERROR - Error evaluating condition institutional_edge_sweep_mss: name 'StructureDetector' is not defined
2026-05-30 23:36:47,509 - strategy_builder.backtest.condition_registry - ERROR - Error evaluating condition institutional_edge_sweep_mss: name 'StructureDetector' is not defined
2026-05-30 23:36:47,509 - strategy_builder.backtest.condition_registry - ERROR - Error evaluating condition institutional_edge_sweep_mss: name 'StructureDetector' is not defined
2026-05-30 23:36:47,511 - strategy_builder.backtest.condition_registry - ERROR - Error evaluating condition institutional_edge_sweep_mss: name 'StructureDetector' is not defined
2026-05-30 23:36:47,511 - strategy_builder.backtest.condition_registry - ERROR - Error evaluating condition institutional_edge_sweep_mss: name 'StructureDetector' is not defined
2026-05-30 23:36:47,512 - strategy_builder.backtest.condition_registry - ERROR - Error evaluating condition institutional_edge_sweep_mss: name 'StructureDetector' is not defined
2026-05-30 23:36:47,512 - strategy_builder.backtest.condition_registry - ERROR - Error evaluating condition institutional_edge_sweep_mss: name 'StructureDetector' is not defined
2026-05-30 23:36:47,512 - strategy_builder.backtest.condition_registry - ERROR - Error evaluating condition institutional_edge_sweep_mss: name 'StructureDetector' is not defined
2026-05-30 23:36:47,512 - strategy_builder.backtest.condition_registry - ERROR - Error evaluating condition institutional_edge_sweep_mss: name 'StructureDetector' is not defined
2026-05-30 23:36:47,513 - strategy_builder.backtest.condition_registry - ERROR - Error evaluating condition institutional_edge_sweep_mss: name 'StructureDetector' is not defined
2026-05-30 23:36:47,513 - strategy_builder.backtest.condition_registry - ERROR - Error evaluating condition institutional_edge_sweep_mss: name 'StructureDetector' is not defined
2026-05-30 23:36:47,514 - strategy_builder.backtest.condition_registry - ERROR - Error evaluating condition institutional_edge_sweep_mss: name 'StructureDetector' is not defined
2026-05-30 23:36:47,514 - strategy_builder.backtest.condition_registry - ERROR - Error evaluating condition institutional_edge_sweep_mss: name 'StructureDetector' is not defined
2026-05-30 23:36:47,515 - strategy_builder.backtest.condition_registry - ERROR - Error evaluating condition institutional_edge_sweep_mss: name 'StructureDetector' is not defined
2026-05-30 23:36:47,515 - strategy_builder.backtest.condition_registry - ERROR - Error evaluating condition institutional_edge_sweep_mss: name 'StructureDetector' is not defined
2026-05-30 23:36:47,516 - strategy_builder.backtest.condition_registry - ERROR - Error evaluating condition institutional_edge_sweep_mss: name 'StructureDetector' is not defined
2026-05-30 23:36:47,516 - strategy_builder.backtest.condition_registry - ERROR - Error evaluating condition institutional_edge_sweep_mss: name 'StructureDetector' is not defined
2026-05-30 23:36:47,516 - strategy_builder.backtest.condition_registry - ERROR - Error evaluating condition institutional_edge_sweep_mss: name 'StructureDetector' is not defined
2026-05-30 23:36:47,516 - strategy_builder.backtest.condition_registry - ERROR - Error evaluating condition institutional_edge_sweep_mss: name 'StructureDetector' is not defined
2026-05-30 23:36:47,517 - strategy_builder.backtest.condition_registry - ERROR - Error evaluating condition institutional_edge_sweep_mss: name 'StructureDetector' is not defined
2026-05-30 23:36:47,517 - strategy_builder.backtest.condition_registry - ERROR - Error evaluating condition institutional_edge_sweep_mss: name 'StructureDetector' is not defined
2026-05-30 23:36:47,521 - strategy_builder.backtest.condition_registry - ERROR - Error evaluating condition institutional_edge_sweep_mss: name 'StructureDetector' is not defined
2026-05-30 23:36:47,521 - strategy_builder.backtest.condition_registry - ERROR - Error evaluating condition institutional_edge_sweep_mss: name 'StructureDetector' is not defined
2026-05-30 23:36:47,522 - strategy_builder.backtest.condition_registry - ERROR - Error evaluating condition institutional_edge_sweep_mss: name 'StructureDetector' is not defined
2026-05-30 23:36:47,522 - strategy_builder.backtest.condition_registry - ERROR - Error evaluating condition institutional_edge_sweep_mss: name 'StructureDetector' is not defined
2026-05-30 23:36:47,523 - strategy_builder.backtest.condition_registry - ERROR - Error evaluating condition institutional_edge_sweep_mss: name 'StructureDetector' is not defined
2026-05-30 23:36:47,523 - strategy_builder.backtest.condition_registry - ERROR - Error evaluating condition institutional_edge_sweep_mss: name 'StructureDetector' is not defined
2026-05-30 23:36:47,524 - strategy_builder.backtest.condition_registry - ERROR - Error evaluating condition institutional_edge_sweep_mss: name 'StructureDetector' is not defined
2026-05-30 23:36:47,524 - strategy_builder.backtest.condition_registry - ERROR - Error evaluating condition institutional_edge_sweep_mss: name 'StructureDetector' is not defined
2026-05-30 23:36:47,524 - strategy_builder.backtest.condition_registry - ERROR - Error evaluating condition institutional_edge_sweep_mss: name 'StructureDetector' is not defined
2026-05-30 23:36:47,524 - strategy_builder.backtest.condition_registry - ERROR - Error evaluating condition institutional_edge_sweep_mss: name 'StructureDetector' is not defined
2026-05-30 23:36:47,525 - strategy_builder.backtest.condition_registry - ERROR - Error evaluating condition institutional_edge_sweep_mss: name 'StructureDetector' is not defined
2026-05-30 23:36:47,525 - strategy_builder.backtest.condition_registry - ERROR - Error evaluating condition institutional_edge_sweep_mss: name 'StructureDetector' is not defined
2026-05-30 23:36:47,529 - strategy_builder.backtest.condition_registry - ERROR - Error evaluating condition institutional_edge_sweep_mss: name 'StructureDetector' is not defined
2026-05-30 23:36:47,529 - strategy_builder.backtest.condition_registry - ERROR - Error evaluating condition institutional_edge_sweep_mss: name 'StructureDetector' is not defined
2026-05-30 23:36:47,530 - strategy_builder.backtest.condition_registry - ERROR - Error evaluating condition institutional_edge_sweep_mss: name 'StructureDetector' is not defined
2026-05-30 23:36:47,530 - strategy_builder.backtest.condition_registry - ERROR - Error evaluating condition institutional_edge_sweep_mss: name 'StructureDetector' is not defined
2026-05-30 23:36:47,531 - strategy_builder.backtest.condition_registry - ERROR - Error evaluating condition institutional_edge_sweep_mss: name 'StructureDetector' is not defined
2026-05-30 23:36:47,531 - strategy_builder.backtest.condition_registry - ERROR - Error evaluating condition institutional_edge_sweep_mss: name 'StructureDetector' is not defined
2026-05-30 23:36:47,533 - strategy_builder.backtest.condition_registry - ERROR - Error evaluating condition institutional_edge_sweep_mss: name 'StructureDetector' is not defined
2026-05-30 23:36:47,533 - strategy_builder.backtest.condition_registry - ERROR - Error evaluating condition institutional_edge_sweep_mss: name 'StructureDetector' is not defined
2026-05-30 23:36:47,533 - strategy_builder.backtest.condition_registry - ERROR - Error evaluating condition institutional_edge_sweep_mss: name 'StructureDetector' is not defined
2026-05-30 23:36:47,533 - strategy_builder.backtest.condition_registry - ERROR - Error evaluating condition institutional_edge_sweep_mss: name 'StructureDetector' is not defined
2026-05-30 23:36:47,534 - strategy_builder.backtest.condition_registry - ERROR - Error evaluating condition institutional_edge_sweep_mss: name 'StructureDetector' is not defined
2026-05-30 23:36:47,534 - strategy_builder.backtest.condition_registry - ERROR - Error evaluating condition institutional_edge_sweep_mss: name 'StructureDetector' is not defined
2026-05-30 23:36:47,535 - strategy_builder.backtest.condition_registry - ERROR - Error evaluating condition institutional_edge_sweep_mss: name 'StructureDetector' is not defined
2026-05-30 23:36:47,535 - strategy_builder.backtest.condition_registry - ERROR - Error evaluating condition institutional_edge_sweep_mss: name 'StructureDetector' is not defined
2026-05-30 23:36:47,536 - strategy_builder.backtest.condition_registry - ERROR - Error evaluating condition institutional_edge_sweep_mss: name 'StructureDetector' is not defined
2026-05-30 23:36:47,536 - strategy_builder.backtest.condition_registry - ERROR - Error evaluating condition institutional_edge_sweep_mss: name 'StructureDetector' is not defined
2026-05-30 23:36:47,537 - strategy_builder.backtest.condition_registry - ERROR - Error evaluating condition institutional_edge_sweep_mss: name 'StructureDetector' is not defined
2026-05-30 23:36:47,537 - strategy_builder.backtest.condition_registry - ERROR - Error evaluating condition institutional_edge_sweep_mss: name 'StructureDetector' is not defined
2026-05-30 23:36:47,538 - strategy_builder.backtest.condition_registry - ERROR - Error evaluating condition institutional_edge_sweep_mss: name 'StructureDetector' is not defined
2026-05-30 23:36:47,538 - strategy_builder.backtest.condition_registry - ERROR - Error evaluating condition institutional_edge_sweep_mss: name 'StructureDetector' is not defined
2026-05-30 23:36:47,539 - strategy_builder.backtest.condition_registry - ERROR - Error evaluating condition institutional_edge_sweep_mss: name 'StructureDetector' is not defined
2026-05-30 23:36:47,539 - strategy_builder.backtest.condition_registry - ERROR - Error evaluating condition institutional_edge_sweep_mss: name 'StructureDetector' is not defined
2026-05-30 23:36:47,539 - strategy_builder.backtest.condition_registry - ERROR - Error evaluating condition institutional_edge_sweep_mss: name 'StructureDetector' is not defined
2026-05-30 23:36:47,539 - strategy_builder.backtest.condition_registry - ERROR - Error evaluating condition institutional_edge_sweep_mss: name 'StructureDetector' is not defined
2026-05-30 23:36:47,540 - strategy_builder.backtest.condition_registry - ERROR - Error evaluating condition institutional_edge_sweep_mss: name 'StructureDetector' is not defined
2026-05-30 23:36:47,540 - strategy_builder.backtest.condition_registry - ERROR - Error evaluating condition institutional_edge_sweep_mss: name 'StructureDetector' is not defined
2026-05-30 23:36:47,542 - strategy_builder.backtest.condition_registry - ERROR - Error evaluating condition institutional_edge_sweep_mss: name 'StructureDetector' is not defined
2026-05-30 23:36:47,542 - strategy_builder.backtest.condition_registry - ERROR - Error evaluating condition institutional_edge_sweep_mss: name 'StructureDetector' is not defined
2026-05-30 23:36:47,543 - strategy_builder.backtest.condition_registry - ERROR - Error evaluating condition institutional_edge_sweep_mss: name 'StructureDetector' is not defined
2026-05-30 23:36:47,543 - strategy_builder.backtest.condition_registry - ERROR - Error evaluating condition institutional_edge_sweep_mss: name 'StructureDetector' is not defined
2026-05-30 23:36:47,544 - strategy_builder.backtest.condition_registry - ERROR - Error evaluating condition institutional_edge_sweep_mss: name 'StructureDetector' is not defined
2026-05-30 23:36:47,544 - strategy_builder.backtest.condition_registry - ERROR - Error evaluating condition institutional_edge_sweep_mss: name 'StructureDetector' is not defined
2026-05-30 23:36:47,545 - strategy_builder.backtest.condition_registry - ERROR - Error evaluating condition institutional_edge_sweep_mss: name 'StructureDetector' is not defined
2026-05-30 23:36:47,545 - strategy_builder.backtest.condition_registry - ERROR - Error evaluating condition institutional_edge_sweep_mss: name 'StructureDetector' is not defined
2026-05-30 23:36:47,547 - strategy_builder.backtest.condition_registry - ERROR - Error evaluating condition institutional_edge_sweep_mss: name 'StructureDetector' is not defined
2026-05-30 23:36:47,547 - strategy_builder.backtest.condition_registry - ERROR - Error evaluating condition institutional_edge_sweep_mss: name 'StructureDetector' is not defined
2026-05-30 23:36:47,548 - strategy_builder.backtest.condition_registry - ERROR - Error evaluating condition institutional_edge_sweep_mss: name 'StructureDetector' is not defined
2026-05-30 23:36:47,548 - strategy_builder.backtest.condition_registry - ERROR - Error evaluating condition institutional_edge_sweep_mss: name 'StructureDetector' is not defined
2026-05-30 23:36:47,549 - strategy_builder.backtest.condition_registry - ERROR - Error evaluating condition institutional_edge_sweep_mss: name 'StructureDetector' is not defined
2026-05-30 23:36:47,549 - strategy_builder.backtest.condition_registry - ERROR - Error evaluating condition institutional_edge_sweep_mss: name 'StructureDetector' is not defined
2026-05-30 23:36:47,550 - strategy_builder.backtest.condition_registry - ERROR - Error evaluating condition institutional_edge_sweep_mss: name 'StructureDetector' is not defined
2026-05-30 23:36:47,550 - strategy_builder.backtest.condition_registry - ERROR - Error evaluating condition institutional_edge_sweep_mss: name 'StructureDetector' is not defined
2026-05-30 23:36:47,551 - strategy_builder.backtest.condition_registry - ERROR - Error evaluating condition institutional_edge_sweep_mss: name 'StructureDetector' is not defined
2026-05-30 23:36:47,551 - strategy_builder.backtest.condition_registry - ERROR - Error evaluating condition institutional_edge_sweep_mss: name 'StructureDetector' is not defined
2026-05-30 23:36:47,555 - strategy_builder.backtest.condition_registry - ERROR - Error evaluating condition institutional_edge_sweep_mss: name 'StructureDetector' is not defined
2026-05-30 23:36:47,555 - strategy_builder.backtest.condition_registry - ERROR - Error evaluating condition institutional_edge_sweep_mss: name 'StructureDetector' is not defined
2026-05-30 23:36:47,556 - strategy_builder.backtest.condition_registry - ERROR - Error evaluating condition institutional_edge_sweep_mss: name 'StructureDetector' is not defined
2026-05-30 23:36:47,556 - strategy_builder.backtest.condition_registry - ERROR - Error evaluating condition institutional_edge_sweep_mss: name 'StructureDetector' is not defined
2026-05-30 23:36:47,557 - strategy_builder.backtest.condition_registry - ERROR - Error evaluating condition institutional_edge_sweep_mss: name 'StructureDetector' is not defined
2026-05-30 23:36:47,557 - strategy_builder.backtest.condition_registry - ERROR - Error evaluating condition institutional_edge_sweep_mss: name 'StructureDetector' is not defined
2026-05-30 23:36:47,558 - strategy_builder.backtest.condition_registry - ERROR - Error evaluating condition institutional_edge_sweep_mss: name 'StructureDetector' is not defined
2026-05-30 23:36:47,558 - strategy_builder.backtest.condition_registry - ERROR - Error evaluating condition institutional_edge_sweep_mss: name 'StructureDetector' is not defined
2026-05-30 23:36:47,559 - strategy_builder.backtest.condition_registry - ERROR - Error evaluating condition institutional_edge_sweep_mss: name 'StructureDetector' is not defined
2026-05-30 23:36:47,559 - strategy_builder.backtest.condition_registry - ERROR - Error evaluating condition institutional_edge_sweep_mss: name 'StructureDetector' is not defined
2026-05-30 23:36:47,560 - strategy_builder.backtest.condition_registry - ERROR - Error evaluating condition institutional_edge_sweep_mss: name 'StructureDetector' is not defined
2026-05-30 23:36:47,560 - strategy_builder.backtest.condition_registry - ERROR - Error evaluating condition institutional_edge_sweep_mss: name 'StructureDetector' is not defined
2026-05-30 23:36:47,561 - strategy_builder.backtest.condition_registry - ERROR - Error evaluating condition institutional_edge_sweep_mss: name 'StructureDetector' is not defined
2026-05-30 23:36:47,561 - strategy_builder.backtest.condition_registry - ERROR - Error evaluating condition institutional_edge_sweep_mss: name 'StructureDetector' is not defined
2026-05-30 23:36:47,561 - strategy_builder.backtest.condition_registry - ERROR - Error evaluating condition institutional_edge_sweep_mss: name 'StructureDetector' is not defined
2026-05-30 23:36:47,561 - strategy_builder.backtest.condition_registry - ERROR - Error evaluating condition institutional_edge_sweep_mss: name 'StructureDetector' is not defined
2026-05-30 23:36:47,562 - strategy_builder.backtest.condition_registry - ERROR - Error evaluating condition institutional_edge_sweep_mss: name 'StructureDetector' is not defined
2026-05-30 23:36:47,562 - strategy_builder.backtest.condition_registry - ERROR - Error evaluating condition institutional_edge_sweep_mss: name 'StructureDetector' is not defined
2026-05-30 23:36:47,563 - strategy_builder.backtest.condition_registry - ERROR - Error evaluating condition institutional_edge_sweep_mss: name 'StructureDetector' is not defined
2026-05-30 23:36:47,563 - strategy_builder.backtest.condition_registry - ERROR - Error evaluating condition institutional_edge_sweep_mss: name 'StructureDetector' is not defined
2026-05-30 23:36:47,564 - Researcher - INFO - Evaluating 19 strategies on 1m/1h_MTF_Full...
2026-05-30 23:36:47,564 - Researcher - INFO - Testing: Insto_London_Breakout_V3 @ 1m/1h_MTF_Full...
2026-05-30 23:40:49,823 - EvaluationContext - DEBUG - Index 8000: Regime=trend_expansion, RVOL=2.06, Eff=0.71
2026-05-30 23:42:37,973 - Researcher - INFO - Testing: NY_Momentum_V3 @ 1m/1h_MTF_Full...
2026-05-30 23:48:06,546 - Researcher - INFO - Testing: Trend_Reversal_Scalper @ 1m/1h_MTF_Full...
2026-05-30 23:49:15,153 - Researcher - INFO - Testing: Session_Fade_Pro @ 1m/1h_MTF_Full...
2026-05-30 23:57:45,481 - Researcher - INFO - Testing: Optimized_Baseline_2.5R @ 1m/1h_MTF_Full...
2026-05-31 00:00:36,019 - Researcher - INFO - Testing: Volatility_Exhaustion_MR @ 1m/1h_MTF_Full...
2026-05-31 00:04:06,482 - Researcher - INFO - Testing: Liquidity_Sweep_MSS @ 1m/1h_MTF_Full...
2026-05-31 00:05:52,794 - Researcher - INFO - Testing: Funding_Rate_Arbitrage @ 1m/1h_MTF_Full...
